2,郭顶,2344698.000,2587272.000,0.069,0.062
1338,李志,2386424.000,2587272.000,0.067,0.062
1085, 李荣浩,2391334.000,2587272.000,0.067,0.062
1465, 薛之谦,2402625.000,2587272.000,0.067,0.062
1570, 宋冬野,2405806.000,2587272.000,0.067,0.062
1318, Fi9江澈,2407458.000,2587272.000,0.067,0.062
422, 廖俊涛,2415575.000,2587272.000,0.067,0.062
309, 余佳运,2417041.000,2587272.000,0.067,0.062
362, 毛不易,2417083.000,2585664.000,0.067,0.062
1066, 谢春花,2421825.000,2587272.000,0.066,0.062
827, 尚雯婕,2431427.000,2587272.000,0.066,0.062
 75,霍尊,2431515.000,2587272.000,0.066,0.062
 84, 王贰浪,2439526.000,2574409.000,0.066,0.062
1549, 蔡健雅,2441102.000,2587272.000,0.066,0.062
963, 耀乐团,2442743.000,2587272.000,0.066,0.062
421, 徐大乐,2444345.000,2585664.000,0.066,0.062
1042,布衣乐队,2444409.000,2585664.000,0.066,0.062
193,mAjorHon,2445913.000,2587272.000,0.066,0.062
315,千坂,2445917.000,2587272.000,0.066,0.062
486,马条,2450769.000,2587272.000,0.066,0.062
987,肆囍乐队,2452382.000,2587272.000,0.066,0.062
131, 何大河,2452389.000,2587272.000,0.066,0.062
443,野外合作社,2452391.000,2587272.000,0.066,0.062
789, 李慧宇,2452486.000,2587272.000,0.066,0.062
691,何星烁RapStar,2452487.000,2587272.000,0.066,0.062
1025,老狼,2455525.000,2556728.000,0.065,0.063
,7,传琦SAMA,2455621.000,2584056.000,0.065,0.062
347,TYRX,2455624.000,2587272.000,0.065,0.062
 36,SaMZIng,2457103.000,2587272.000,0.065,0.062
978,西奥Sio,2457237.000,2587272.000,0.065,0.062
279,LuckyMaxx,2458729.000,2585664.000,0.065,0.062
904,Flosstradamus,2458796.000,2587272.000,0.065,0.062
964, VISUDY,2458882.000,2587272.000,0.065,0.062
156,Ookay,2460410.000,2587272.000,0.065,0.062
1145,M-PHOTOS,2462017.000,2587272.000,0.065,0.062
429,AnimaOMG,2463605.000,2587272.000,0.065,0.062
 88,MyTaN,2465162.000,2587272.000,0.065,0.062
366,Diskord,2465210.000,2587272.000,0.065,0.062
775,Arman,2465232.000,2587272.000,0.065,0.062
682,Anti-General,2466707.000,2543891.000,0.065,0.063
 76,AngryJaR,2466744.000,2543901.000,0.065,0.063
945,RCKY,2466746.000,2543902.000,0.065,0.063
1082,Killazer,2466767.000,2543885.000,0.065,0.063
824,ANATOMOD,2466775.000,2543917.000,0.065,0.063
1016,PIKLANS,2466798.000,2543894.000,0.065,0.063
 35, BlurryCloud,2466816.000,2543911.000,0.065,0.063
358,Marycobi,2466885.000,2543897.000,0.065,0.063
341, Arcticloudz,2466887.000,2543915.000,0.065,0.063
1487,AY楊佬叁,2498870.000,2580846.000,0.064,0.062
1460,大龙小龙DLXL,2498922.000,2580843.000,0.064,0.062
922,CNBALLER,2498959.000,2580842.000,0.064,0.062
178, GC国丞,2499007.000,2580843.000,0.064,0.062
1123, NaCl盐,2499059.000,2580846.000,0.064,0.062
1252,袁弘,2500504.000,2587272.000,0.064,0.062
872,Bangz,2506926.000,2587272.000,0.064,0.062
980, 刘昊霖,2508580.000,2587272.000,0.064,0.062
1254,朴树,2513354.000,2587272.000,0.064,0.062
1378,许嵩,2518177.000,2587272.000,0.064,0.062
574,陈粒,2519761.000,2587272.000,0.064,0.062
740,孙楠,2519814.000,2587272.000,0.064,0.062
1376, 陈楚生,2521391.000,2587272.000,0.064,0.062
466,李健,2521391.000,2587272.000,0.064,0.062
 37, 常石磊,2524611.000,2587272.000,0.064,0.062
1102, 戴佩妮,2527842.000,2587272.000,0.064,0.062
1199,PurpleBattery,2531002.000,2587272.000,0.064,0.062
509, 方大同,2531019.000,2553529.000,0.064,0.063
1248, 廖效浓,2531031.000,2585664.000,0.064,0.062
1548,Fcyco,2531032.000,2587272.000,0.064,0.062
1265,执纸大魔王,2532631.000,2587272.000,0.063,0.062
1597,唐宁,2532683.000,2587272.000,0.063,0.062
446,Fine乐团,2534246.000,2587272.000,0.063,0.062
550, 麦子杰,2537478.000,2582448.000,0.063,0.062
375, Alesso,2540651.000,2587272.000,0.063,0.062
1439,上海彩虹室内合唱团,2540674.000,2587272.000,0.063,0.062
941, 胡彦斌,2540692.000,2587272.000,0.063,0.062
1215,西瓜JUN,2542269.000,2585664.000,0.063,0.062
623,NGHTMRE,2545475.000,2587272.000,0.063,0.062
573,J-Sleeper性感的拖鞋,2545487.000,2571203.000,0.063,0.063
932, 姚贝娜,2545492.000,2580842.000,0.063,0.062
488, Headhunterz,2547081.000,2587272.000,0.063,0.062
1581,鬼否,2547111.000,2587272.000,0.063,0.062
1541, 习谱予,2551907.000,2587272.000,0.063,0.062
863,燕池,2551922.000,2587272.000,0.063,0.062
467, 周子琰,2551923.000,2587272.000,0.063,0.062
334,Cesqeaux,2553515.000,2587272.000,0.063,0.062
1003, 马雨阳,2553519.000,2587272.000,0.063,0.062
 91,慕寒,2553523.000,2587272.000,0.063,0.062
388, 陈致逸,2553537.000,2585664.000,0.063,0.062
553,高姗,2553542.000,2587272.000,0.063,0.062
1010,小雨乐队,2553582.000,2587272.000,0.063,0.062
1390,AvrilLavigne,2555117.000,2587272.000,0.063,0.062
988, BRGang,2555131.000,2587272.000,0.063,0.062
413,音阙诗听,2555132.000,2585664.000,0.063,0.062
335, 雪无影,2555136.000,2585664.000,0.063,0.062
625,与非门乐队,2555170.000,2585664.000,0.063,0.062
1326,河图,2556730.000,2587272.000,0.063,0.062
1362, 李上安,2556737.000,2587272.000,0.063,0.062
829,排骨教主,2556737.000,2587272.000,0.063,0.062
478, 王珞丹,2556766.000,2587272.000,0.063,0.062
588,邱比,2556772.000,2587272.000,0.063,0.062
1050,Dirtcaps,2558337.000,2587272.000,0.063,0.062
667,鬼卞,2558342.000,2587272.000,0.063,0.062
940,Aki阿杰,2558345.000,2576023.000,0.063,0.062
538,萧忆情Alex,2558346.000,2587272.000,0.063,0.062
1325,左小祖咒,2558351.000,2587272.000,0.063,0.062
1179,IRiS七叶,2558360.000,2587272.000,0.063,0.062
206, 钟立风,2558379.000,2587272.000,0.063,0.062
622,白桦树娃娃,2558379.000,2587272.000,0.063,0.062
1212,漆柚,2559946.000,2587272.000,0.063,0.062
 72, 李霄云,2559955.000,2587272.000,0.063,0.062
953,白噪音乐队,2559957.000,2585664.000,0.063,0.062
1536,向日葵乐队,2559969.000,2587272.000,0.063,0.062
919,Noicybino,2561557.000,2587272.000,0.063,0.062
462,流浪的蛙蛙,2561560.000,2584056.000,0.063,0.062
774,沈庆,2561565.000,2587272.000,0.063,0.062
1416, 茶小姐和熊先生,2561574.000,2567990.000,0.063,0.063
924,曾楠,2561579.000,2567981.000,0.063,0.063
1074,守麦,2561588.000,2567986.000,0.063,0.063
1032, 六甲番,2561601.000,2567997.000,0.063,0.063
1462,Lauv,2563153.000,2587272.000,0.063,0.062
690,李迦南Doc,2563155.000,2563167.000,0.063,0.063
1115,Forkyrie,2563158.000,2587272.000,0.063,0.062
181,九宝乐队,2563165.000,2587272.000,0.063,0.062
210,KBShinya,2563174.000,2587272.000,0.063,0.062
 86, RAiNBOW计划,2563176.000,2587272.000,0.063,0.062
1433, 王力宏,2564762.000,2587272.000,0.063,0.062
744, 王嘉尔,2564765.000,2587272.000,0.063,0.062
182, 谢天笑,2564766.000,2587272.000,0.063,0.062
242,王齐铭WatchMe,2564767.000,2587272.000,0.063,0.062
394,买辣椒也用券,2564767.000,2539077.000,0.063,0.063
943,安子与九妹,2564768.000,2587272.000,0.063,0.062
890, MKJ,2564768.000,2587272.000,0.063,0.062
1024, 栗先达,2564772.000,2587272.000,0.063,0.062
224,雲道娱乐,2564773.000,2587272.000,0.063,0.062
1352, Thunse,2564773.000,2587272.000,0.063,0.062
1080, 亚尔肯,2564774.000,2587272.000,0.063,0.062
231, 金玟岐,2566369.000,2584056.000,0.063,0.062
491, 冯提莫,2566370.000,2587272.000,0.063,0.062
1250,PonySoore,2566375.000,2587272.000,0.063,0.062
 98,电鸟个灯泡,2566377.000,2587272.000,0.063,0.062
1552,AirJordy,2566378.000,2587272.000,0.063,0.062
655,痛仰乐队,2566378.000,2587272.000,0.063,0.062
121,哦漏,2566379.000,2584056.000,0.063,0.062
130,鲸鱼岛乐队,2566381.000,2587272.000,0.063,0.062
676, 简弘亦,2566381.000,2587272.000,0.063,0.062
1558,孙悦,2566385.000,2587272.000,0.063,0.062
616,Winky诗,2566397.000,2585664.000,0.063,0.062
1414,AThree-Arslan,2567977.000,2582449.000,0.063,0.062
1401,卡修Rui,2567980.000,2555130.000,0.063,0.063
1012, 闫东炜,2567981.000,2587272.000,0.063,0.062
1246,纣王老胡,2567982.000,2587272.000,0.063,0.062
457, MC-,2567985.000,2582449.000,0.063,0.062
 85, 夏璃夜,2567987.000,2587272.000,0.063,0.062
1383, SAM努尔夏提,2567987.000,2582451.000,0.063,0.062
1285, 谭维维,2567988.000,2587272.000,0.063,0.062
1279,vDJs,2567988.000,2587272.000,0.063,0.062
1346,Steerner,2567988.000,2587272.000,0.063,0.062
327,王杰,2567990.000,2587272.000,0.063,0.062
1205,MisTer说唱团,2567996.000,2582451.000,0.063,0.062
441,叶蓓,2567997.000,2587272.000,0.063,0.062
453,EDMarco,2569586.000,2522998.000,0.063,0.064
711,玥霖Gabrielle,2569590.000,2587272.000,0.063,0.062
1180,Allfine,2569592.000,2587272.000,0.063,0.062
360, 朱哲琴,2569597.000,2587272.000,0.063,0.062
479, 梁栋江,2569600.000,2587272.000,0.063,0.062
1459, 孟庭苇,2569608.000,2548708.000,0.063,0.063
496, 洛天依,2571193.000,2587272.000,0.063,0.062
518,音频怪物,2571193.000,2587272.000,0.063,0.062
1315,YEHAIYAHAN,2571195.000,2584056.000,0.063,0.062
152,莫西子诗,2571196.000,2587272.000,0.063,0.062
971,Tacke竹桑,2571197.000,2543934.000,0.063,0.063
1470, 徐秉龙,2571199.000,2587272.000,0.063,0.062
 58, Miguel,2571199.000,2587272.000,0.063,0.062
1273,七手,2571206.000,2543908.000,0.063,0.063
1354, 马子林Broma,2571208.000,2587272.000,0.063,0.062
930,魏晨,2571209.000,2587272.000,0.063,0.062
758, 刘惜君,2571219.000,2587272.000,0.063,0.062
,1,羽肿,2572800.000,2587272.000,0.063,0.062
1151,eliaqsopa,2572801.000,2587272.000,0.062,0.062
677, Tolein,2572803.000,2587272.000,0.062,0.062
118,陶喆,2572805.000,2587272.000,0.062,0.062
284,OmenXIII,2572805.000,2587272.000,0.062,0.062
568,曹槽,2572805.000,2582448.000,0.062,0.062
1097,Orientlic,2572805.000,2587272.000,0.062,0.062
430,彭坦,2572806.000,2587272.000,0.062,0.062
586,曹秦,2572806.000,2587272.000,0.062,0.062
1013,苏阳,2572806.000,2587272.000,0.062,0.062
266,泥鳅Niko,2572807.000,2587272.000,0.062,0.062
813,蒋山,2572807.000,2587272.000,0.062,0.062
1579,陆虎,2572808.000,2585664.000,0.062,0.062
1525,祖娅纳惜,2572811.000,2587272.000,0.062,0.062
565,新疆SPEAKER说唱,2572816.000,2587272.000,0.062,0.062
1319,situasian张太郎,2572816.000,2587272.000,0.062,0.062
1534,ReDor锐豆乐队,2572821.000,2587272.000,0.062,0.062
484, 那吾克热LIL-EM,2574408.000,2587272.000,0.062,0.062
1249,封茗囧菌,2574409.000,2587272.000,0.062,0.062
1510,风子,2574409.000,2587272.000,0.062,0.062
1129,GumJ-鸡蛋先生,2574409.000,2572813.000,0.062,0.062
920, 杨宗纬,2574410.000,2587272.000,0.062,0.062
833,Akie秋绘,2574411.000,2569587.000,0.062,0.063
306, 依兴驰,2574412.000,2587272.000,0.062,0.062
761, 安来宁,2574413.000,2587272.000,0.062,0.062
969, 千月兔,2574413.000,2587272.000,0.062,0.062
233,冰块先生,2574413.000,2585664.000,0.062,0.062
385,PNC说唱,2574414.000,2587272.000,0.062,0.062
1227, 尹毓恪,2574414.000,2587272.000,0.062,0.062
612,HAYA乐团,2574415.000,2587272.000,0.062,0.062
464,龚子婕JessieG,2574416.000,2585664.000,0.062,0.062
267, 吕大叶,2574416.000,2572815.000,0.062,0.062
1099,二直,2574416.000,2587272.000,0.062,0.062
1260, 坡上村,2574421.000,2519777.000,0.062,0.064
802,李晋,2574421.000,2587272.000,0.062,0.062
134, 万晓利,2574421.000,2587272.000,0.062,0.062
1396,武艺,2574427.000,2587272.000,0.062,0.062
1384,潘辰,2574427.000,2584056.000,0.062,0.062
950, 茶季杨,2576016.000,2503779.000,0.062,0.064
864, 焦迈奇,2576016.000,2535890.000,0.062,0.063
444,Zeraphym,2576016.000,2587272.000,0.062,0.062
1173,Grams,2576016.000,2587272.000,0.062,0.062
 31, Shawee,2576017.000,2585664.000,0.062,0.062
143,烈雨,2576017.000,2574409.000,0.062,0.062
1314,李想Evelyn,2576017.000,2587272.000,0.062,0.062
1084,Soulspeak,2576017.000,2587272.000,0.062,0.062
993, 李蚊香,2576019.000,2587272.000,0.062,0.062
 94, 汐音社,2576020.000,2587272.000,0.062,0.062
211,丽江小倩,2576022.000,2503730.000,0.062,0.064
1539,朱婧汐JING,2576022.000,2587272.000,0.062,0.062
1333,刘洋,2576022.000,2587272.000,0.062,0.062
1477,彭青,2576022.000,2567983.000,0.062,0.063
1261,PSYKHON,2576023.000,2587272.000,0.062,0.062
 68, 刘珂矣,2576024.000,2587272.000,0.062,0.062
1112, 小峰峰,2576026.000,2587272.000,0.062,0.062
960, 王铮亮,2576028.000,2567984.000,0.062,0.063
967,InfiniteMusic,2577624.000,2587272.000,0.062,0.062
300,四季音色,2577624.000,2587272.000,0.062,0.062
332,汪峰,2577624.000,2587272.000,0.062,0.062
185, 月代彩,2577624.000,2587272.000,0.062,0.062
1379, 冯佳界,2577624.000,2553506.000,0.062,0.063
 18,张蔷,2577624.000,2587272.000,0.062,0.062
998,白天不亮,2577624.000,2543901.000,0.062,0.063
1599,贰婶,2577624.000,2587272.000,0.062,0.062
885,知性的小方块,2577625.000,2582449.000,0.062,0.062
 63, AllieX,2577626.000,2587272.000,0.062,0.062
255,KingStar,2577626.000,2577627.000,0.062,0.062
958,卫兰,2577626.000,2587272.000,0.062,0.062
839,丁炜,2577627.000,2577630.000,0.062,0.062
869, 梅粮新,2577628.000,2587272.000,0.062,0.062
583,可歆,2577629.000,2577630.000,0.062,0.062
196, 魏雪漫,2577630.000,2585664.000,0.062,0.062
1256,平安,2577630.000,2587272.000,0.062,0.062
535,OceansWhoLied,2577631.000,2587272.000,0.062,0.062
240,张杰,2579232.000,2587272.000,0.062,0.062
163, 邱有句,2579232.000,2587272.000,0.062,0.062
384,雏葵,2579232.000,2587272.000,0.062,0.062
1408, 杨和苏KeyNG,2579232.000,2587272.000,0.062,0.062
965,锦零,2579232.000,2587272.000,0.062,0.062
 14,蜡笔大Boom,2579233.000,2587272.000,0.062,0.062
545, 崔子格,2579233.000,2587272.000,0.062,0.062
 74, 黄诗扶,2579233.000,2587272.000,0.062,0.062
1500,ARSANAL,2579234.000,2503701.000,0.062,0.064
558,谣君,2579234.000,2587272.000,0.062,0.062
1036,JUSF周存,2579236.000,2587272.000,0.062,0.062
1155,曾小Cee,2579239.000,2587272.000,0.062,0.062
704,衣湿乐队,2580840.000,2587272.000,0.062,0.062
1527,Saiakoup,2580840.000,2587272.000,0.062,0.062
569,HAO付豪,2580840.000,2580843.000,0.062,0.062
773,初夏小溪,2580840.000,2494137.000,0.062,0.064
1371,李玟,2580840.000,2587272.000,0.062,0.062
1217, 大张伟,2580840.000,2585664.000,0.062,0.062
716, 五条人,2580840.000,2587272.000,0.062,0.062
1157,鹿先森乐队,2580840.000,2587272.000,0.062,0.062
1563,留声玩具,2580840.000,2587272.000,0.062,0.062
506,OllyMurs,2580840.000,2587272.000,0.062,0.062
1257,弹棉花的GG,2580840.000,2587272.000,0.062,0.062
1343, 王三溥,2580840.000,2587272.000,0.062,0.062
101, 茶理理,2580840.000,2587272.000,0.062,0.062
1263,周玥,2580840.000,2587272.000,0.062,0.062
1192,郝云,2580840.000,2587272.000,0.062,0.062
726, 孔令奇,2580841.000,2587272.000,0.062,0.062
234, Yoken_Official,2580841.000,2532651.000,0.062,0.063
 70, 少年霜,2580841.000,2582448.000,0.062,0.062
1280, 杨炅翰,2580842.000,2532648.000,0.062,0.063
912,BeeXXXX,2580842.000,2577628.000,0.062,0.062
626, 张彵凡,2580842.000,2587272.000,0.062,0.062
1550, 黄绮珊,2580842.000,2587272.000,0.062,0.062
1039,鹏泊,2580842.000,2587272.000,0.062,0.062
1076, 年姐儿,2580843.000,2580840.000,0.062,0.062
908,DeeShne,2580843.000,2577633.000,0.062,0.062
1268, 王宇良,2580843.000,2584056.000,0.062,0.062
685,Namunong,2580843.000,2577625.000,0.062,0.062
 71,昙骨,2580843.000,2494180.000,0.062,0.064
771,ZaleLes,2582448.000,2587272.000,0.062,0.062
720, 汪苏泷,2582448.000,2587272.000,0.062,0.062
276,Tonino祖力,2582448.000,2587272.000,0.062,0.062
1142, 栗川舜,2582448.000,2587272.000,0.062,0.062
1158,后弦,2582448.000,2587272.000,0.062,0.062
 29,斯琴高丽,2582448.000,2587272.000,0.062,0.062
1244, 谢安琪,2582448.000,2587272.000,0.062,0.062
1232, 周柏豪,2582448.000,2587272.000,0.062,0.062
881, 冷冻街,2582448.000,2587272.000,0.062,0.062
938,Assen捷,2582448.000,2582448.000,0.062,0.062
1075,YYKBZ,2582448.000,2587272.000,0.062,0.062
 40,程璧,2582448.000,2587272.000,0.062,0.062
834, 段同愿,2582448.000,2587272.000,0.062,0.062
681,ETAGI,2582448.000,2579242.000,0.062,0.062
1596,许飞,2582448.000,2585664.000,0.062,0.062
724,小柯,2582448.000,2587272.000,0.062,0.062
977,徐良,2582448.000,2587272.000,0.062,0.062
474, 李玉刚,2582448.000,2587272.000,0.062,0.062
154,eddy盖奶,2582448.000,2587272.000,0.062,0.062
1087, 陈硕子,2582448.000,2582450.000,0.062,0.062
,8,吾恩,2582448.000,2587272.000,0.062,0.062
1308, 翁大涵,2582448.000,2585664.000,0.062,0.062
114,Zaliva-D,2582449.000,2587272.000,0.062,0.062
1546, 丁少华,2582449.000,2585664.000,0.062,0.062
208, Worezh,2582449.000,2587272.000,0.062,0.062
1543,凑诗,2582449.000,2587272.000,0.062,0.062
169, 张碧晨,2582449.000,2587272.000,0.062,0.062
473, MuratjanMuxter,2582449.000,2587272.000,0.062,0.062
269,Polymath,2582449.000,2587272.000,0.062,0.062
160,阿杜,2582449.000,2587272.000,0.062,0.062
631,喵步小雨中,2582450.000,2587272.000,0.062,0.062
819, 萧煌奇,2582451.000,2587272.000,0.062,0.062
398,不靠谱组合,2582451.000,2587272.000,0.062,0.062
1210,胡夏,2584056.000,2587272.000,0.062,0.062
106,变奏的梦想,2584056.000,2579236.000,0.062,0.062
1018,满江,2584056.000,2587272.000,0.062,0.062
1146,FyBe,2584056.000,2532656.000,0.062,0.063
1072, 潘玮柏,2584056.000,2587272.000,0.062,0.062
1235,伏仪,2584056.000,2587272.000,0.062,0.062
1284,OLWIK,2584056.000,2587272.000,0.062,0.062
 80,曹翟,2584056.000,2587272.000,0.062,0.062
505, 乐正绫,2584056.000,2587272.000,0.062,0.062
153, 鲁向卉,2584056.000,2585664.000,0.062,0.062
1185,Yonetro,2584056.000,2587272.000,0.062,0.062
330, 崔跃文,2584056.000,2587272.000,0.062,0.062
1229,Blacklist黑名单,2584056.000,2587272.000,0.062,0.062
374, 陆陆桑,2584056.000,2587272.000,0.062,0.062
1357,烛鷷大魔王,2584056.000,2587272.000,0.062,0.062
216, Nona_Q,2584056.000,2585664.000,0.062,0.062
554, 旅行团,2584056.000,2587272.000,0.062,0.062
821,iimmune,2584056.000,2587272.000,0.062,0.062
618,一盛,2584056.000,2587272.000,0.062,0.062
166,DU丢丢丢,2584056.000,2587272.000,0.062,0.062
1545,黑豹乐队,2584056.000,2587272.000,0.062,0.062
1353, 何璟昕,2584056.000,2587272.000,0.062,0.062
1605,檀烧,2584056.000,2587272.000,0.062,0.062
400, 吴克群,2584056.000,2587272.000,0.062,0.062
1104,Sawako碎花,2584056.000,2587272.000,0.062,0.062
412, 薄彩生,2584056.000,2587272.000,0.062,0.062
1143,赵钶,2584056.000,2587272.000,0.062,0.062
1469, 权振东,2584056.000,2585664.000,0.062,0.062
338, 王华峰,2584056.000,2587272.000,0.062,0.062
 24,TooHigh,2584056.000,2587272.000,0.062,0.062
878, 拖鞋pd,2584056.000,2585664.000,0.062,0.062
814, Omi,2584056.000,2587272.000,0.062,0.062
1138,李琦,2584056.000,2587272.000,0.062,0.062
884,傅酥,2584056.000,2556766.000,0.062,0.063
900,积木立方,2584056.000,2547098.000,0.062,0.063
1027,SixPoorGuy,2584056.000,2498904.000,0.062,0.064
1479,弦子,2584056.000,2582448.000,0.062,0.062
235,脑浊乐队,2584056.000,2587272.000,0.062,0.062
1026, 姜贰拾,2584056.000,2584056.000,0.062,0.062
661, 萨顶顶,2584056.000,2585664.000,0.062,0.062
1520,齐秦,2584056.000,2587272.000,0.062,0.062
 96, 毛泽少,2584056.000,2587272.000,0.062,0.062
714,简迷离GEMINI,2584056.000,2587272.000,0.062,0.062
710,黑薄荷乐队,2584056.000,2587272.000,0.062,0.062
923,愚青,2584056.000,2587272.000,0.062,0.062
1251, 彭佳慧,2584056.000,2587272.000,0.062,0.062
1577,Anzar,2584056.000,2587272.000,0.062,0.062
1342,阿颖不说话,2584056.000,2584056.000,0.062,0.062
1163,女孩与机器人,2584056.000,2587272.000,0.062,0.062
1601, 谣乐队,2584056.000,2587272.000,0.062,0.062
124, 崔开潮,2584057.000,2587272.000,0.062,0.062
1121, 徐佳莹,2584057.000,2587272.000,0.062,0.062
1069, 丁芙妮,2584057.000,2585664.000,0.062,0.062
345, 李惠芹,2584057.000,2556749.000,0.062,0.063
1067, ELYAR-PULAT,2584057.000,2587272.000,0.062,0.062
1083, 张过年,2584057.000,2587272.000,0.062,0.062
556, 庄心妍,2584057.000,2587272.000,0.062,0.062
 69,惊林,2584057.000,2587272.000,0.062,0.062
189, MLK麋鹿王国,2584057.000,2587272.000,0.062,0.062
1583,耳光乐队,2584057.000,2587272.000,0.062,0.062
1202, 黄小琥,2584057.000,2582448.000,0.062,0.062
1304, 熊汝霖,2584057.000,2587272.000,0.062,0.062
1513, SNH,2585664.000,2587272.000,0.062,0.062
1224, CloudINJoke,2585664.000,2534253.000,0.062,0.063
406, 芙蓉帐暖夜笙歌,2585664.000,2587272.000,0.062,0.062
1407, 郁乐队,2585664.000,2587272.000,0.062,0.062
,3,D-Lay,2585664.000,2587272.000,0.062,0.062
404, 张三弥,2585664.000,2587272.000,0.062,0.062
895,ChenDjoy,2585664.000,2569587.000,0.062,0.063
1211, 丛铭君,2585664.000,2580843.000,0.062,0.062
660, 白白麦,2585664.000,2587272.000,0.062,0.062
204,熊熊作业,2585664.000,2587272.000,0.062,0.062
702, 满文军,2585664.000,2585664.000,0.062,0.062
419,温莎森林,2585664.000,2587272.000,0.062,0.062
765, 厦门六中合唱团,2585664.000,2587272.000,0.062,0.062
695,绾绾Akari,2585664.000,2587272.000,0.062,0.062
325,Ezzek,2585664.000,2587272.000,0.062,0.062
1081, 马天宇,2585664.000,2587272.000,0.062,0.062
563,兰芽yaya,2585664.000,2584056.000,0.062,0.062
205,网易CC直播,2585664.000,2587272.000,0.062,0.062
103, 任舒瞳,2585664.000,2584056.000,0.062,0.062
860,天空乐队,2585664.000,2587272.000,0.062,0.062
907, Shahimerdan麦尔丹,2585664.000,2579232.000,0.062,0.062
1237,艾热,2585664.000,2587272.000,0.062,0.062
 92,Ace组合,2585664.000,2587272.000,0.062,0.062
 50,山竹妹汁,2585664.000,2577624.000,0.062,0.062
451, 李官卫,2585664.000,2587272.000,0.062,0.062
1556,警哥组合,2585664.000,2585664.000,0.062,0.062
112,马頔,2585664.000,2587272.000,0.062,0.062
 11, 朱彦安,2585664.000,2587272.000,0.062,0.062
1132,甫平,2585664.000,2587272.000,0.062,0.062
806, 郁可唯,2585664.000,2587272.000,0.062,0.062
1498, MusikM,2585664.000,2534253.000,0.062,0.063
921, 陆本平,2585664.000,2529426.000,0.062,0.064
1223,南游记乐队,2585664.000,2587272.000,0.062,0.062
144, 郑子威,2585664.000,2587272.000,0.062,0.062
303,贰鱼,2585664.000,2587272.000,0.062,0.062
1454, 娄艺潇,2585664.000,2587272.000,0.062,0.062
687, 悬铃木,2585664.000,2587272.000,0.062,0.062
 59,王麟,2585664.000,2587272.000,0.062,0.062
751, 张赫宣,2585664.000,2587272.000,0.062,0.062
1228,佟妍,2585664.000,2587272.000,0.062,0.062
1141,Audiosoldier,2585664.000,2587272.000,0.062,0.062
 16,马戏团小丑,2585664.000,2587272.000,0.062,0.062
678,弗雷德乐队FD,2585664.000,2587272.000,0.062,0.062
1058,盖世Gas,2585664.000,2587272.000,0.062,0.062
707,Ferrison,2585664.000,2540712.000,0.062,0.063
633, 黄雨篱,2585664.000,2574409.000,0.062,0.062
1589, 廖佳琳,2585664.000,2584056.000,0.062,0.062
1253,吆拐和吗子,2585664.000,2587272.000,0.062,0.062
348,Wya乌鸦,2585664.000,2587272.000,0.062,0.062
399, 重塑雕像的权利,2585664.000,2587272.000,0.062,0.062
615, AHKEXl,2585664.000,2587272.000,0.062,0.062
489,阿杰,2585664.000,2587272.000,0.062,0.062
287, Nootag,2585664.000,2587272.000,0.062,0.062
729, Koowho,2585664.000,2580840.000,0.062,0.062
1397, 刘增瞳,2585664.000,2584057.000,0.062,0.062
794,impossibleChuck,2585664.000,2539094.000,0.062,0.063
844, 徐歌阳,2585664.000,2587272.000,0.062,0.062
 43,晴愔,2585664.000,2539137.000,0.062,0.063
370,Ramila_Rozimamat,2585664.000,2585664.000,0.062,0.062
848,LGlywww,2585664.000,2587272.000,0.062,0.062
850, 才姆措,2585664.000,2587272.000,0.062,0.062
1339,赵传,2585664.000,2576019.000,0.062,0.062
852,良人乐团,2585664.000,2587272.000,0.062,0.062
1505,尤沫Dina,2585664.000,2587272.000,0.062,0.062
577, MINSTA,2585664.000,2587272.000,0.062,0.062
1019, 任路加,2585664.000,2587272.000,0.062,0.062
202,新乐尘符,2585664.000,2585664.000,0.062,0.062
254,马帮乐队,2585664.000,2587272.000,0.062,0.062
956, 沙宝亮,2585664.000,2587272.000,0.062,0.062
959, 偷喜办,2585664.000,2587272.000,0.062,0.062
257,土不叔叔乐队,2585664.000,2587272.000,0.062,0.062
1488,蒋明,2585664.000,2587272.000,0.062,0.062
435,earlybus,2585664.000,2587272.000,0.062,0.062
1452, 杜婧荧,2585664.000,2587272.000,0.062,0.062
662, 少司命,2585664.000,2587272.000,0.062,0.062
513, 苏诗丁,2585664.000,2587272.000,0.062,0.062
1317, Evalia,2585664.000,2587272.000,0.062,0.062
238,Rita黄汐源,2585664.000,2582449.000,0.062,0.062
 13, 徐云霄,2585664.000,2580840.000,0.062,0.062
617,一针见喜,2585664.000,2587272.000,0.062,0.062
1423,SevenGurusFamily,2585664.000,2587272.000,0.062,0.062
1573,畸形儿-DeformedBoi,2585664.000,2585664.000,0.062,0.062
165,小艾EYE,2585664.000,2587272.000,0.062,0.062
1086, 周笔畅,2585664.000,2587272.000,0.062,0.062
947,马小野乐队,2585664.000,2587272.000,0.062,0.062
598, 夏凌兮,2585664.000,2584057.000,0.062,0.062
925, UN组合,2585664.000,2587272.000,0.062,0.062
123,兔裹煎蛋卷,2585664.000,2587272.000,0.062,0.062
1230,未完成乐队,2585664.000,2587272.000,0.062,0.062
675, 瓶中怪,2585664.000,2585664.000,0.062,0.062
402, 踏云社,2585664.000,2587272.000,0.062,0.062
477, 蒋亮的声音系统,2585664.000,2587272.000,0.062,0.062
705,阿良良木健,2585664.000,2551919.000,0.062,0.063
792, Riyatjan-Muhammat,2585664.000,2587272.000,0.062,0.062
129,AbdurusulObul,2585664.000,2584056.000,0.062,0.062
645, Round_,2585664.000,2587272.000,0.062,0.062
431,王筝,2585664.000,2587272.000,0.062,0.062
1238,天堂乐队,2585664.000,2587272.000,0.062,0.062
738, 康智炜,2585664.000,2574415.000,0.062,0.062
786,洪尘,2585664.000,2587272.000,0.062,0.062
1443,Dassnae,2585664.000,2587272.000,0.062,0.062
787,Maxone老虎,2585664.000,2587272.000,0.062,0.062
1177,万塘路号,2585664.000,2587272.000,0.062,0.062
1269,慕容晓晓,2585664.000,2587272.000,0.062,0.062
642, 普映蒙,2585664.000,2587272.000,0.062,0.062
253, 林斜阳,2585664.000,2572812.000,0.062,0.062
1472,BackToBand,2585664.000,2587272.000,0.062,0.062
304, 葛八岁,2585664.000,2587272.000,0.062,0.062
1523,再循环乐队,2585664.000,2587272.000,0.062,0.062
873, Nellee,2585664.000,2542303.000,0.062,0.063
849,樹莓蛋奶酥,2585664.000,2587272.000,0.062,0.062
120, 江映蓉,2585664.000,2587272.000,0.062,0.062
599, DE_SCC,2585664.000,2587272.000,0.062,0.062
801, DjCore,2585664.000,2531052.000,0.062,0.064
613, 庙乐队,2585664.000,2585664.000,0.062,0.062
 23,上海交响乐团,2585664.000,2587272.000,0.062,0.062
1608,杨坤,2585664.000,2587272.000,0.062,0.062
214, 王珮瑜,2585664.000,2587272.000,0.062,0.062
868,Monica不不,2585664.000,2587272.000,0.062,0.062
1170, 周二下午谁没来,2585664.000,2587272.000,0.062,0.062
1358,AOA组合,2585664.000,2587272.000,0.062,0.062
 78,夏天播放,2585664.000,2587272.000,0.062,0.062
 83,零点乐队,2585664.000,2587272.000,0.062,0.062
585,青春老少年,2585664.000,2571201.000,0.062,0.063
713,雪沉乐队,2585664.000,2587272.000,0.062,0.062
108, 赖伟锋,2585664.000,2585664.000,0.062,0.062
1530,金池,2585664.000,2587272.000,0.062,0.062
437, 歌浴森,2585664.000,2587272.000,0.062,0.062
223,英雄联盟,2585664.000,2587272.000,0.062,0.062
1582,人衣大人,2585664.000,2587272.000,0.062,0.062
340,Nyaameow,2585664.000,2576018.000,0.062,0.062
1045,庞龙,2585664.000,2587272.000,0.062,0.062
1270, 北岛诗,2585664.000,2587272.000,0.062,0.062
442, TedJon,2585664.000,2587272.000,0.062,0.062
1576,何洁,2585664.000,2587272.000,0.062,0.062
697, 曾一鸣,2585664.000,2585664.000,0.062,0.062
913, 卜小可,2585664.000,2587272.000,0.062,0.062
826,MIC男团,2585664.000,2587272.000,0.062,0.062
638,Doris小武,2585664.000,2587272.000,0.062,0.062
800,咖啡因乐队,2585664.000,2587272.000,0.062,0.062
737, 幻華楽,2585664.000,2587272.000,0.062,0.062
1381,Lilith乐队,2585664.000,2587272.000,0.062,0.062
1481, Pianoboy高至豪,2585664.000,2587272.000,0.062,0.062
917, Mllano,2585664.000,2580840.000,0.062,0.062
364,王一鸣Iris,2585664.000,2584056.000,0.062,0.062
742,Fumos,2585664.000,2587272.000,0.062,0.062
424, 曾之乔,2585664.000,2587272.000,0.062,0.062
132,德勒闹吾,2585664.000,2587272.000,0.062,0.062
194,JAEFOREAL,2585664.000,2567993.000,0.062,0.063
259, 陶峻汐,2585664.000,2585664.000,0.062,0.062
549, 蒋瑶佳,2585664.000,2585664.000,0.062,0.062
1226, 纪粹希,2585664.000,2587272.000,0.062,0.062
246, AkaneXIii茜,2585664.000,2587272.000,0.062,0.062
221,北树乐队,2585664.000,2587272.000,0.062,0.062
273,邵言,2585664.000,2587272.000,0.062,0.062
272, 蔡淳佳,2585664.000,2587272.000,0.062,0.062
264, 苟瀚中,2585664.000,2584056.000,0.062,0.062
835,阿岛先生,2585664.000,2587272.000,0.062,0.062
1415,OO偶像男团,2585664.000,2587272.000,0.062,0.062
320, 谷柏杉,2585664.000,2584056.000,0.062,0.062
671, 因可INCHAOS,2585664.000,2587272.000,0.062,0.062
1124, CollisionDreamer冲撞梦想家,2585664.000,2587272.000,0.062,0.062
359,热斑乐队,2585664.000,2587272.000,0.062,0.062
674,TINGSHIGHUCH,2585664.000,2587272.000,0.062,0.062
672,七朵组合,2585664.000,2587272.000,0.062,0.062
157,Fleurie,2587272.000,2587272.000,0.062,0.062
508, 匡桐菲,2587272.000,2587272.000,0.062,0.062
414,冯言,2587272.000,2587272.000,0.062,0.062
244, Calculasian,2587272.000,2585664.000,0.062,0.062
219,李常超(Lao乾妈),2587272.000,2585664.000,0.062,0.062
207,ABSDJHONG,2587272.000,2582448.000,0.062,0.062
458, 卢小旭,2587272.000,2587272.000,0.062,0.062
380,秦勇,2587272.000,2587272.000,0.062,0.062
 95,旦旦,2587272.000,2579242.000,0.062,0.062
,6, 茄子蛋,2587272.000,2587272.000,0.062,0.062
150,V.K克,2587272.000,2584056.000,0.062,0.062
 90, GumNam,2587272.000,2584057.000,0.062,0.062
 28,玄觞,2587272.000,2584056.000,0.062,0.062
329, 王大毛,2587272.000,2587272.000,0.062,0.062
530,OnlyReal,2587272.000,2587272.000,0.062,0.062
495, 张宇桦,2587272.000,2587272.000,0.062,0.062
331,YUJay,2587272.000,2579242.000,0.062,0.062
 67,TooPhat,2587272.000,2585664.000,0.062,0.062
168,Tritonal,2587272.000,2587272.000,0.062,0.062
 97,张童,2587272.000,2576025.000,0.062,0.062
297,芳蓉,2587272.000,2587272.000,0.062,0.062
164, Tujamo,2587272.000,2587272.000,0.062,0.062
 61,Kit.Tam,2587272.000,2542330.000,0.062,0.063
389, RED,2587272.000,2566382.000,0.062,0.063
290,可乐就是力量,2587272.000,2571201.000,0.062,0.063
490,Quintino,2587272.000,2587272.000,0.062,0.062
 27, 江南诚,2587272.000,2582450.000,0.062,0.062
405, 阿力普,2587272.000,2571194.000,0.062,0.063
192, 紫堂宿,2587272.000,2567997.000,0.062,0.063
180,Ofenbach,2587272.000,2587272.000,0.062,0.062
557, 顽童MJ,2587272.000,2587272.000,0.062,0.062
533, 新香水,2587272.000,2587272.000,0.062,0.062
 57,Borgeous,2587272.000,2587272.000,0.062,0.062
135,Pink,2587272.000,2585664.000,0.062,0.062
286,Cilantro_killer,2587272.000,2584056.000,0.062,0.062
 49, 颜小健,2587272.000,2587272.000,0.062,0.062
564,寂悸,2587272.000,2580840.000,0.062,0.062
251, 箱子君,2587272.000,2553563.000,0.062,0.063
252,高铭,2587272.000,2585664.000,0.062,0.062
179,UZ,2587272.000,2542304.000,0.062,0.063
379, 高丽馥,2587272.000,2587272.000,0.062,0.062
142, Aosaki,2587272.000,2577626.000,0.062,0.062
 93, 王童语,2587272.000,2587272.000,0.062,0.062
595, 岑宁儿,2587272.000,2584056.000,0.062,0.062
296,姚雪,2587272.000,2587272.000,0.062,0.062
171,RobertFalcon,2587272.000,2587272.000,0.062,0.062
397, 坚持者,2587272.000,2585664.000,0.062,0.062
487, Vacance.ZEN,2587272.000,2587272.000,0.062,0.062
301, 邱胜翊,2587272.000,2587272.000,0.062,0.062
 87, Anchoe,2587272.000,2582449.000,0.062,0.062
590,念蓁,2587272.000,2582450.000,0.062,0.062
503, 叶菁菁,2587272.000,2585664.000,0.062,0.062
403,麻吉弟弟,2587272.000,2587272.000,0.062,0.062
203,阿森,2587272.000,2585664.000,0.062,0.062
105,DJ,2587272.000,2587272.000,0.062,0.062
507, BEJ,2587272.000,2587272.000,0.062,0.062
,5,Gary,2587272.000,2587272.000,0.062,0.062
609,Leech,2587272.000,2587272.000,0.062,0.062
 33, 藤乐队,2587272.000,2555136.000,0.062,0.063
310, 何艺纱,2587272.000,2587272.000,0.062,0.062
162,炸炸,2587272.000,2587272.000,0.062,0.062
551,大主宰乐团TheMaster,2587272.000,2587272.000,0.062,0.062
502, 千鸟鸟,2587272.000,2569584.000,0.062,0.063
213,TalkboxRocKit,2587272.000,2571209.000,0.062,0.063
291,UmmetOzcan,2587272.000,2587272.000,0.062,0.062
517,动力火车,2587272.000,2587272.000,0.062,0.062
191,Deca,2587272.000,2587272.000,0.062,0.062
519, 平井大,2587272.000,2587272.000,0.062,0.062
218,杨烁,2587272.000,2587272.000,0.062,0.062
145, 啤酒车,2587272.000,2587272.000,0.062,0.062
547,ChinaJTA,2587272.000,2584056.000,0.062,0.062
323, nin,2587272.000,2572801.000,0.062,0.062
261,靳松,2587272.000,2587272.000,0.062,0.062
463,Sikdope,2587272.000,2587272.000,0.062,0.062
313,NIKI,2587272.000,2587272.000,0.062,0.062
552, 周汤豪,2587272.000,2587272.000,0.062,0.062
 26, 王呈章,2587272.000,2587272.000,0.062,0.062
227,逃跑计划,2587272.000,2587272.000,0.062,0.062
630,JamesBlunt,2587272.000,2587272.000,0.062,0.062
229,Habstrakt,2587272.000,2587272.000,0.062,0.062
532,DJSoviet,2587272.000,2437802.000,0.062,0.066
432,HIROOMITOSAKA,2587272.000,2587272.000,0.062,0.062
584,白宁,2587272.000,2585664.000,0.062,0.062
485, 啊晗Britany,2587272.000,2566377.000,0.062,0.063
 34,ETC!ETC!,2587272.000,2587272.000,0.062,0.062
537, TFBOYS,2587272.000,2587272.000,0.062,0.062
200,马潇,2587272.000,2587272.000,0.062,0.062
239, 张信哲,2587272.000,2587272.000,0.062,0.062
 38, 赵大格,2587272.000,2587272.000,0.062,0.062
 89,R.,2587272.000,2587272.000,0.062,0.062
492,TheCandleThieves,2587272.000,2587272.000,0.062,0.062
 41, Zhouna,2587272.000,2516593.000,0.062,0.064
594,大哲,2587272.000,2587272.000,0.062,0.062
243, Shaggy,2587272.000,2587272.000,0.062,0.062
396, 京脸儿,2587272.000,2585664.000,0.062,0.062
245, 王广允,2587272.000,2587272.000,0.062,0.062
247, CasinoDemon,2587272.000,2587272.000,0.062,0.062
499,牛奶咖啡,2587272.000,2584057.000,0.062,0.062
188, 芮甜甜,2587272.000,2587272.000,0.062,0.062
651,F-FAX,2587272.000,2584056.000,0.062,0.062
602,西楼,2587272.000,2587272.000,0.062,0.062
653, 苏妙玲,2587272.000,2587272.000,0.062,0.062
654, 残泪杰,2587272.000,2585664.000,0.062,0.062
555,北冈健太,2587272.000,2587272.000,0.062,0.062
 54,荣子yJan,2587272.000,2587272.000,0.062,0.062
657, 羽·泉,2587272.000,2585664.000,0.062,0.062
256, 高晨薇,2587272.000,2584056.000,0.062,0.062
559,SeanKingston,2587272.000,2587272.000,0.062,0.062
 32,abduwalitohti,2587272.000,2585664.000,0.062,0.062
561,Kaskade,2587272.000,2587272.000,0.062,0.062
361,re:plus,2587272.000,2587272.000,0.062,0.062
663, 茉莉僧,2587272.000,2486141.000,0.062,0.065
664,ariadeng,2587272.000,2542310.000,0.062,0.063
365,暴走蜗牛乐队,2587272.000,2539080.000,0.062,0.063
316,Kael鹿帆,2587272.000,2584056.000,0.062,0.062
416,FromTheRed,2587272.000,2587272.000,0.062,0.062
418,CyanLpegd,2587272.000,2333395.000,0.062,0.069
368, 杨嘉松,2587272.000,2587272.000,0.062,0.062
670,顾峰,2587272.000,2584056.000,0.062,0.062
546,GumJ,2587272.000,2571214.000,0.062,0.063
122,黑峰,2587272.000,2587272.000,0.062,0.062
472, 徐靖博,2587272.000,2587272.000,0.062,0.062
524, BloodyWoods,2587272.000,2502223.000,0.062,0.064
250, 猫女林,2587272.000,2587272.000,0.062,0.062
226,梦灵,2587272.000,2585664.000,0.062,0.062
652, 张叶蕾,2587272.000,2587272.000,0.062,0.062
628,丁爽,2587272.000,2587272.000,0.062,0.062
177, 聚来提,2587272.000,2587272.000,0.062,0.062
680,伞妹,2587272.000,2585664.000,0.062,0.062
581, DavidGuetta,2587272.000,2587272.000,0.062,0.062
582, powerA,2587272.000,2587272.000,0.062,0.062
382, 李沫萱,2587272.000,2580840.000,0.062,0.062
483, JasonCasper,2587272.000,2585664.000,0.062,0.062
 82, 刘莱斯,2587272.000,2561570.000,0.062,0.063
386, 祁紫檀,2587272.000,2540702.000,0.062,0.063
587, Korpiklaani,2587272.000,2587272.000,0.062,0.062
186,灰色,2587272.000,2585664.000,0.062,0.062
187,任升,2587272.000,2576018.000,0.062,0.062
288, 何曼婷,2587272.000,2587272.000,0.062,0.062
289,唐音工作室,2587272.000,2580841.000,0.062,0.062
190,澄海伯伯,2587272.000,2556743.000,0.062,0.063
693,阿来,2587272.000,2585664.000,0.062,0.062
292,Blaster,2587272.000,2587272.000,0.062,0.062
494,任和,2587272.000,2577624.000,0.062,0.062
294, KOH,2587272.000,2584056.000,0.062,0.062
497,FADERONE,2587272.000,2585664.000,0.062,0.062
698, 叶雨蒙,2587272.000,2587272.000,0.062,0.062
699,LunaSafari,2587272.000,2585664.000,0.062,0.062
249,VOGUE,2587272.000,2587272.000,0.062,0.062
299, eigenTunes亦听,2587272.000,2585664.000,0.062,0.062
 99, 苗小青,2587272.000,2587272.000,0.062,0.062
703,BEAUZ,2587272.000,2587272.000,0.062,0.062
302, 安悦溪,2587272.000,2587272.000,0.062,0.062
102,铁击,2587272.000,2587272.000,0.062,0.062
606,iMoon,2587272.000,2484426.000,0.062,0.065
607, 牛奶白,2587272.000,2585664.000,0.062,0.062
708,杨梓琪呀,2587272.000,2587272.000,0.062,0.062
307, 彭家熙,2587272.000,2582448.000,0.062,0.062
107,姜昕,2587272.000,2587272.000,0.062,0.062
410,百慕三石,2587272.000,2569595.000,0.062,0.063
110,颜妹,2587272.000,2569593.000,0.062,0.063
 12,DJ,2587272.000,2511794.000,0.062,0.064
312,BNC$BrandNewCohort,2587272.000,2577639.000,0.062,0.062
715,Beverly,2587272.000,2587272.000,0.062,0.062
516,GZ,2587272.000,2478078.000,0.062,0.065
717,周栈,2587272.000,2579234.000,0.062,0.062
417, ICE,2587272.000,2585664.000,0.062,0.062
217, 段丽阳,2587272.000,2587272.000,0.062,0.062
318, EasyRider逍遥骑士,2587272.000,2587272.000,0.062,0.062
621, 清风至,2587272.000,2551907.000,0.062,0.063
 19,燃烧青春乐队,2587272.000,2585664.000,0.062,0.062
 21, 董子健,2587272.000,2587272.000,0.062,0.062
624,吴琼,2587272.000,2587272.000,0.062,0.062
248,秦岚,2587272.000,2585664.000,0.062,0.062
326, Datsik,2587272.000,2587272.000,0.062,0.062
427, 汪定中,2587272.000,2587272.000,0.062,0.062
728,漏音器TheLowincher,2587272.000,2577625.000,0.062,0.062
528,于湉,2587272.000,2587272.000,0.062,0.062
127, 谢路昊,2587272.000,2582450.000,0.062,0.062
731, EmilyStyler,2587272.000,2587272.000,0.062,0.062
531, 范世坤吉他私塾,2587272.000,2587272.000,0.062,0.062
733,DahliaRosea(玫瑰博士),2587272.000,2585664.000,0.062,0.062
734, MuSikI,2587272.000,2584056.000,0.062,0.062
333, 王欣宇,2587272.000,2534314.000,0.062,0.063
636,曾大块儿,2587272.000,2519808.000,0.062,0.064
436,LogicLoc,2587272.000,2478072.000,0.062,0.065
438, 包晗言,2587272.000,2587272.000,0.062,0.062
237, 麦组合,2587272.000,2585664.000,0.062,0.062
138, JINDJs,2587272.000,2582448.000,0.062,0.062
641, 白举纲,2587272.000,2585664.000,0.062,0.062
 39,人行道乐队,2587272.000,2585664.000,0.062,0.062
140,Ballrockin,2587272.000,2521384.000,0.062,0.064
544,丁薇,2587272.000,2587272.000,0.062,0.062
343,贾昱,2587272.000,2587272.000,0.062,0.062
646,笨笨口琴,2587272.000,2585664.000,0.062,0.062
747,满汉全席,2587272.000,2585664.000,0.062,0.062
346,ChineseFootball,2587272.000,2585664.000,0.062,0.062
 47,renyi,2587272.000,2518139.000,0.062,0.064
750,千夜,2587272.000,2587272.000,0.062,0.062
349, 任意门,2587272.000,2584056.000,0.062,0.062
350, 赵紫骅,2587272.000,2587272.000,0.062,0.062
753,ShitheaD,2587272.000,2584056.000,0.062,0.062
352, 张震岳,2587272.000,2587272.000,0.062,0.062
 52,Lonzo,2587272.000,2531057.000,0.062,0.064
 53,「么凹」,2587272.000,2527879.000,0.062,0.064
355,三藏梵音,2587272.000,2587272.000,0.062,0.062
356,涵昱,2587272.000,2585664.000,0.062,0.062
659,张瑶,2587272.000,2587272.000,0.062,0.062
258,FarEastMovement,2587272.000,2584056.000,0.062,0.062
158, PEATLE,2587272.000,2585664.000,0.062,0.062
762,祁汉,2587272.000,2579232.000,0.062,0.062
763,Rhye,2587272.000,2587272.000,0.062,0.062
764, rising,2587272.000,2587272.000,0.062,0.062
363, 丁世光,2587272.000,2582449.000,0.062,0.062
566,霹雳布袋戏,2587272.000,2587272.000,0.062,0.062
 66, 杨非同,2587272.000,2587272.000,0.062,0.062
718, 盘大王,2587272.000,2584056.000,0.062,0.062
669,爱朵女孩,2587272.000,2585664.000,0.062,0.062
770, 卫彬月,2587272.000,2518223.000,0.062,0.064
570,Honne,2587272.000,2587272.000,0.062,0.062
571, Nop,2587272.000,2587272.000,0.062,0.062
170,杨多,2587272.000,2585664.000,0.062,0.062
372,kidult.,2587272.000,2585664.000,0.062,0.062
125,Awich,2587272.000,2587272.000,0.062,0.062
225,RANA.Queen,2587272.000,2584057.000,0.062,0.062
527, 风见学园蔚蓝组,2587272.000,2585664.000,0.062,0.062
378, 情词尧,2587272.000,2587272.000,0.062,0.062
679,HOYO-MiX,2587272.000,2587272.000,0.062,0.062
780,Owen,2587272.000,2585664.000,0.062,0.062
781, 秦万民,2587272.000,2585664.000,0.062,0.062
 79,RacoonRacoon,2587272.000,2587272.000,0.062,0.062
783,ViniVici,2587272.000,2587272.000,0.062,0.062
784,喵酱mio,2587272.000,2584056.000,0.062,0.062
383,小爱的妈,2587272.000,2584056.000,0.062,0.062
686,Husan,2587272.000,2550334.000,0.062,0.063
285,Candy_Wind,2587272.000,2535886.000,0.062,0.063
688, Y.A,2587272.000,2574418.000,0.062,0.062
387,OVDS,2587272.000,2587272.000,0.062,0.062
589, 朱星杰,2587272.000,2585664.000,0.062,0.062
791,彭博,2587272.000,2587272.000,0.062,0.062
692, RhapsodyofFire,2587272.000,2587272.000,0.062,0.062
391, Smooka,2587272.000,2587272.000,0.062,0.062
392,TheGlitchMob,2587272.000,2585664.000,0.062,0.062
393,Rise,2587272.000,2587272.000,0.062,0.062
796, Knight,2587272.000,2558355.000,0.062,0.063
195,PaRaDSE,2587272.000,2585664.000,0.062,0.062
798,曲艺,2587272.000,2587272.000,0.062,0.062
799,才让东珠,2587272.000,2587272.000,0.062,0.062
700,秋野,2587272.000,2584057.000,0.062,0.062
198,阿力木江·托合提,2587272.000,2572802.000,0.062,0.062
601, DP龙猪,2587272.000,2579234.000,0.062,0.062
803, 潘雨轩,2587272.000,2537499.000,0.062,0.063
201, 郭思达,2587272.000,2587272.000,0.062,0.062
805,马马,2587272.000,2587272.000,0.062,0.062
605,沈曼,2587272.000,2587272.000,0.062,0.062
305,豆心,2587272.000,2572809.000,0.062,0.062
,4, ゆう十,2587272.000,2587272.000,0.062,0.062
809, RTG,2587272.000,2579236.000,0.062,0.062
810, XINZHU,2587272.000,2576023.000,0.062,0.062
409,DJ宋雨飞已退,2587272.000,2585664.000,0.062,0.062
712,AxwellΛIngrosso,2587272.000,2587272.000,0.062,0.062
512,DJZacco,2587272.000,2542310.000,0.062,0.063
 10,BowOfAtlas,2587272.000,2587272.000,0.062,0.062
614, 魏新雨,2587272.000,2587272.000,0.062,0.062
816,AgNo,2587272.000,2584056.000,0.062,0.062
415, Bikman,2587272.000,2555136.000,0.062,0.063
818, 陈壹千,2587272.000,2531082.000,0.062,0.064
 15, 胡艾彤,2587272.000,2582450.000,0.062,0.062
820,晴天,2587272.000,2585664.000,0.062,0.062
620, Riyo橙,2587272.000,2585664.000,0.062,0.062
822,显然乐队,2587272.000,2587272.000,0.062,0.062
823,枫叶,2587272.000,2587272.000,0.062,0.062
322,唐朝乐队,2587272.000,2587272.000,0.062,0.062
725,eveningcinema,2587272.000,2587272.000,0.062,0.062
525,DJ-Varc,2587272.000,2584056.000,0.062,0.062
627, FOM,2587272.000,2585664.000,0.062,0.062
828,鲸鱼马戏团,2587272.000,2580840.000,0.062,0.062
 25,嘿！！！,2587272.000,2587272.000,0.062,0.062
830,晃儿,2587272.000,2587272.000,0.062,0.062
831,EdSheeran,2587272.000,2587272.000,0.062,0.062
832, 王梵瑞,2587272.000,2585664.000,0.062,0.062
230,胡灵,2587272.000,2587272.000,0.062,0.062
 30,二凉,2587272.000,2584057.000,0.062,0.062
634,南瓜妮歌迷俱乐部,2587272.000,2587272.000,0.062,0.062
836,MajorLazer,2587272.000,2587272.000,0.062,0.062
837,冰鑫,2587272.000,2585664.000,0.062,0.062
336, 艾怡良,2587272.000,2587272.000,0.062,0.062
236,半梦,2587272.000,2537460.000,0.062,0.063
439,暖场小粽子,2587272.000,2579233.000,0.062,0.062
540,何山,2587272.000,2580840.000,0.062,0.062
842,么么,2587272.000,2572801.000,0.062,0.062
843,松果日记乐队,2587272.000,2584057.000,0.062,0.062
644,U.TA,2587272.000,2587272.000,0.062,0.062
845,赵雷,2587272.000,2587272.000,0.062,0.062
 42, 李潇潇,2587272.000,2545490.000,0.062,0.063
847, 吴文煜,2587272.000,2587272.000,0.062,0.062
647,非樂原创音乐工作室,2587272.000,2492587.000,0.062,0.065
649,二文,2587272.000,2585664.000,0.062,0.062
 46,Krewella,2587272.000,2587272.000,0.062,0.062
851, 陈浩民,2587272.000,2587272.000,0.062,0.062
 48,EDEN,2587272.000,2582450.000,0.062,0.062
853,爱乐团王超,2587272.000,2587272.000,0.062,0.062
854, SwedishHouseMafia,2587272.000,2587272.000,0.062,0.062
 51,U,2587272.000,2497378.000,0.062,0.064
756,YellowClaw,2587272.000,2584056.000,0.062,0.062
455,宫俊,2587272.000,2585664.000,0.062,0.062
858, 冉明阳,2587272.000,2585664.000,0.062,0.062
 55,Hope组合,2587272.000,2585664.000,0.062,0.062
760, WARISJANABDUREHIM,2587272.000,2585664.000,0.062,0.062
861, LostStories,2587272.000,2587272.000,0.062,0.062
460,南偿,2587272.000,2585664.000,0.062,0.062
260,秋火林荫,2587272.000,2571193.000,0.062,0.063
 60,Showtek,2587272.000,2587272.000,0.062,0.062
865, 邱小龙,2587272.000,2580841.000,0.062,0.062
767, 陈小虎,2587272.000,2585664.000,0.062,0.062
468,AniFace,2587272.000,2572803.000,0.062,0.062
367,丹Sir,2587272.000,2587272.000,0.062,0.062
870,TimmyTrumpet,2587272.000,2585664.000,0.062,0.062
871,Hoaprox,2587272.000,2587272.000,0.062,0.062
470,Odoriin,2587272.000,2585664.000,0.062,0.062
471, 雷智皓,2587272.000,2548726.000,0.062,0.063
874,CocoPop,2587272.000,2587272.000,0.062,0.062
 73,潜水大象,2587272.000,2553531.000,0.062,0.063
274,LOKEY低调组合,2587272.000,2585664.000,0.062,0.062
877, 言吾音,2587272.000,2587272.000,0.062,0.062
578, 王冰洋,2587272.000,2587272.000,0.062,0.062
377, 科尔薇,2587272.000,2547095.000,0.062,0.063
880,Veeos,2587272.000,2537471.000,0.062,0.063
 77, EdJean,2587272.000,2539098.000,0.062,0.063
782, Truart,2587272.000,2587272.000,0.062,0.062
883, 阎奕格,2587272.000,2587272.000,0.062,0.062
482,帝玖管弦乐团,2587272.000,2587272.000,0.062,0.062
 81,小白的亚新,2587272.000,2510139.000,0.062,0.064
886,暮色绽放,2587272.000,2585664.000,0.062,0.062
887,李粟,2587272.000,2577624.000,0.062,0.062
788,高安,2587272.000,2587272.000,0.062,0.062
889, 桃十五,2587272.000,2585664.000,0.062,0.062
689, Senpai,2587272.000,2587272.000,0.062,0.062
891,窒息乐队,2587272.000,2587272.000,0.062,0.062
892, Bassjackers,2587272.000,2587272.000,0.062,0.062
893, 脆乐团,2587272.000,2587272.000,0.062,0.062
894,丁乔,2587272.000,2550314.000,0.062,0.063
493, BHTY-R,2587272.000,2584056.000,0.062,0.062
896,AlimjanTursun,2587272.000,2555137.000,0.062,0.063
897,Easion_Ng,2587272.000,2542304.000,0.062,0.063
898,Axero,2587272.000,2587272.000,0.062,0.062
899, 陈鸿宇,2587272.000,2540661.000,0.062,0.063
498, 胡拾梅,2587272.000,2585664.000,0.062,0.062
901,卡斯Kas$,2587272.000,2569605.000,0.062,0.063
902, 范星光,2587272.000,2587272.000,0.062,0.062
501,异种,2587272.000,2587272.000,0.062,0.062
100,LostFrequencies,2587272.000,2587272.000,0.062,0.062
905,KatieGoestoTokyo,2587272.000,2587272.000,0.062,0.062
906, 洪雨雷,2587272.000,2587272.000,0.062,0.062
807, 江一燕,2587272.000,2587272.000,0.062,0.062
104,W.K.,2587272.000,2553542.000,0.062,0.063
909,万能青年,2587272.000,2582448.000,0.062,0.062
910, 贾孟昕,2587272.000,2587272.000,0.062,0.062
911,谦木,2587272.000,2543885.000,0.062,0.063
812,吕雯,2587272.000,2587272.000,0.062,0.062
109,星球撞树,2587272.000,2587272.000,0.062,0.062
914, Faye飞,2587272.000,2587272.000,0.062,0.062
111, 徐真真,2587272.000,2584056.000,0.062,0.062
916, Inspirative,2587272.000,2587272.000,0.062,0.062
113, Danny_AhBoy许佳麟,2587272.000,2585664.000,0.062,0.062
918,ImmanuEl,2587272.000,2587272.000,0.062,0.062
115,牛奶味夹心阿尔卑斯,2587272.000,2584056.000,0.062,0.062
116,小旭音乐,2587272.000,2587272.000,0.062,0.062
117,AK,2587272.000,2587272.000,0.062,0.062
520,AmaO,2587272.000,2449112.000,0.062,0.066
119,蛋卷,2587272.000,2540722.000,0.062,0.063
321, 阿基耐,2587272.000,2587272.000,0.062,0.062
825,余枫,2587272.000,2577624.000,0.062,0.062
926,鲍越,2587272.000,2566369.000,0.062,0.063
526,SeeB,2587272.000,2587272.000,0.062,0.062
928,泠鸢yousa,2587272.000,2585664.000,0.062,0.062
929,士辉,2587272.000,2550329.000,0.062,0.063
126,贰佰,2587272.000,2582448.000,0.062,0.062
931,米线,2587272.000,2587272.000,0.062,0.062
128,声音玩具,2587272.000,2587272.000,0.062,0.062
933,摩登兄弟,2587272.000,2587272.000,0.062,0.062
934,乔洋,2587272.000,2587272.000,0.062,0.062
935,Rezz,2587272.000,2587272.000,0.062,0.062
936, 潘柯夫,2587272.000,2587272.000,0.062,0.062
133,Stwo,2587272.000,2587272.000,0.062,0.062
838,波比,2587272.000,2553529.000,0.062,0.063
939, Yileen,2587272.000,2585664.000,0.062,0.062
840,唐古,2587272.000,2585664.000,0.062,0.062
841,安然,2587272.000,2585664.000,0.062,0.062
942,精彩词轩,2587272.000,2556749.000,0.062,0.063
541,赵鹏,2587272.000,2584056.000,0.062,0.062
944,阿爆,2587272.000,2587272.000,0.062,0.062
543,SAR_H,2587272.000,2587272.000,0.062,0.062
946, 任家萱,2587272.000,2587272.000,0.062,0.062
344,茶凉粉乐队,2587272.000,2587272.000,0.062,0.062
948,BreatheCarolina,2587272.000,2587272.000,0.062,0.062
949, 刘明汉,2587272.000,2587272.000,0.062,0.062
146,J.Fla,2587272.000,2587272.000,0.062,0.062
147,Y_xhの柒姬,2587272.000,2529457.000,0.062,0.064
148,颜韵Ycy,2587272.000,2587272.000,0.062,0.062
149, 陈珊妮,2587272.000,2587272.000,0.062,0.062
954,严玲严莉,2587272.000,2587272.000,0.062,0.062
151, 林宥嘉,2587272.000,2587272.000,0.062,0.062
454, 叶洛洛,2587272.000,2551930.000,0.062,0.063
957, 黑崎子,2587272.000,2587272.000,0.062,0.062
757, JOE,2587272.000,2534279.000,0.062,0.063
155, 董雪婷,2587272.000,2585664.000,0.062,0.062
 56,阿兰,2587272.000,2587272.000,0.062,0.062
961, 张拾壹,2587272.000,2582450.000,0.062,0.062
560, 徐誉滕,2587272.000,2587272.000,0.062,0.062
159,大坏兔子,2587272.000,2580840.000,0.062,0.062
562,G.E.M.邓紫棋,2587272.000,2584057.000,0.062,0.062
161, 潘小芬,2587272.000,2572812.000,0.062,0.062
966,YehudiToo,2587272.000,2511763.000,0.062,0.064
867, 董冬冬,2587272.000,2587272.000,0.062,0.062
968,蜜蜂少女队,2587272.000,2587272.000,0.062,0.062
 65,Gameface,2587272.000,2587272.000,0.062,0.062
970,破音,2587272.000,2587272.000,0.062,0.062
167,EXIA,2587272.000,2577624.000,0.062,0.062
972, 许魏洲,2587272.000,2587272.000,0.062,0.062
973, 龙梅子,2587272.000,2585664.000,0.062,0.062
974,GillChang,2587272.000,2587272.000,0.062,0.062
975,老虎欧巴,2587272.000,2558344.000,0.062,0.063
776, 诱导社,2587272.000,2585664.000,0.062,0.062
173, 雷雨心,2587272.000,2585664.000,0.062,0.062
576, Muo,2587272.000,2571200.000,0.062,0.063
175,DillonFrancis,2587272.000,2587272.000,0.062,0.062
176, 魏小也,2587272.000,2587272.000,0.062,0.062
981, 韩安旭,2587272.000,2587272.000,0.062,0.062
982,虎二,2587272.000,2572809.000,0.062,0.062
983,PINAR,2587272.000,2587272.000,0.062,0.062
984, 兰眼睛女子乐团,2587272.000,2585664.000,0.062,0.062
985,Soler,2587272.000,2587272.000,0.062,0.062
986,吉克曲布,2587272.000,2587272.000,0.062,0.062
183, oNEwAY,2587272.000,2585664.000,0.062,0.062
888,二嘉,2587272.000,2571200.000,0.062,0.063
989,爱戴,2587272.000,2587272.000,0.062,0.062
990,彭宇,2587272.000,2580840.000,0.062,0.062
991, 董昱昆,2587272.000,2543896.000,0.062,0.063
992, 回音哥,2587272.000,2585664.000,0.062,0.062
591, Six,2587272.000,2587272.000,0.062,0.062
994,新疆群星,2587272.000,2582450.000,0.062,0.062
995,梁博,2587272.000,2587272.000,0.062,0.062
996,莫爱河往生,2587272.000,2585664.000,0.062,0.062
997, ReturnTheTruth,2587272.000,2572809.000,0.062,0.062
596,CLOUDWANG,2587272.000,2587272.000,0.062,0.062
999,马里奥赛德,2587272.000,2576017.000,0.062,0.062
1000, FabianMazur,2587272.000,2587272.000,0.062,0.062
197,AlanWalker,2587272.000,2587272.000,0.062,0.062
600,Motorama,2587272.000,2587272.000,0.062,0.062
199,ShahMat,2587272.000,2579236.000,0.062,0.062
1004, 夏子皓,2587272.000,2582450.000,0.062,0.062
1005, MattZachary,2587272.000,2569593.000,0.062,0.063
1006,AndyMei,2587272.000,2584056.000,0.062,0.062
1007, 李汶峰,2587272.000,2584056.000,0.062,0.062
1008,泠风,2587272.000,2534270.000,0.062,0.063
1009,_Stefano,2587272.000,2577625.000,0.062,0.062
608,胶壳,2587272.000,2587272.000,0.062,0.062
1011,赵鑫,2587272.000,2587272.000,0.062,0.062
811,秦洋,2587272.000,2569593.000,0.062,0.063
209,Controls,2587272.000,2569584.000,0.062,0.063
,9, 玄乐队,2587272.000,2499007.000,0.062,0.064
1015, 蔡徐坤,2587272.000,2587272.000,0.062,0.062
212,BingoPlayers,2587272.000,2587272.000,0.062,0.062
1017,-ever,2587272.000,2587272.000,0.062,0.062
817,SAFIA,2587272.000,2587272.000,0.062,0.062
215, 薄云天,2587272.000,2587272.000,0.062,0.062
1020,JonyJ,2587272.000,2582449.000,0.062,0.062
1021, 雷诺儿,2587272.000,2585664.000,0.062,0.062
1022, 末小皮,2587272.000,2585664.000,0.062,0.062
1023, 腾格尔,2587272.000,2587272.000,0.062,0.062
220, 黄榕生,2587272.000,2534313.000,0.062,0.063
523, 毕书尽,2587272.000,2587272.000,0.062,0.062
222, 郑建鹏,2587272.000,2584057.000,0.062,0.062
927,梵墨,2587272.000,2587272.000,0.062,0.062
1028,GAI周延,2587272.000,2551942.000,0.062,0.063
1029,左安西西,2587272.000,2587272.000,0.062,0.062
1030,周深,2587272.000,2587272.000,0.062,0.062
1031,H.M.Funk,2587272.000,2582449.000,0.062,0.062
228,昼夜,2587272.000,2585664.000,0.062,0.062
1033, 税子洺,2587272.000,2585664.000,0.062,0.062
632, 徐海榕,2587272.000,2587272.000,0.062,0.062
1035,废埕乐团,2587272.000,2587272.000,0.062,0.062
232, 蒋大为,2587272.000,2587272.000,0.062,0.062
1037, 陈绮贞,2587272.000,2587272.000,0.062,0.062
1038, MewlanMemtimin买吾兰,2587272.000,2574410.000,0.062,0.062
637,DYGL,2587272.000,2587272.000,0.062,0.062
1040,王上,2587272.000,2587272.000,0.062,0.062
1041, 邱振哲,2587272.000,2587272.000,0.062,0.062
640,吴越,2587272.000,2539094.000,0.062,0.063
1043,李智,2587272.000,2585664.000,0.062,0.062
1044, 卡列宁,2587272.000,2582448.000,0.062,0.062
643,Brila_L,2587272.000,2585664.000,0.062,0.062
1046,林小尤Simona,2587272.000,2585664.000,0.062,0.062
1047,乔军,2587272.000,2579238.000,0.062,0.062
1048,GrymeMan,2587272.000,2587272.000,0.062,0.062
1049, 蒋敦豪,2587272.000,2585664.000,0.062,0.062
 45, HAS,2587272.000,2580843.000,0.062,0.062
1051,Anonymous,2587272.000,2587272.000,0.062,0.062
1052, 十三妹,2587272.000,2587272.000,0.062,0.062
1053,Curbi,2587272.000,2587272.000,0.062,0.062
1054,阿朵,2587272.000,2587272.000,0.062,0.062
1055,KSHMR,2587272.000,2585664.000,0.062,0.062
1056,SkyLights,2587272.000,2518203.000,0.062,0.064
856, 王若琳,2587272.000,2587272.000,0.062,0.062
857,弘诺方舟,2587272.000,2587272.000,0.062,0.062
1059,卢焱,2587272.000,2585664.000,0.062,0.062
1060, 熊天平,2587272.000,2587272.000,0.062,0.062
1061, 葩姐姐,2587272.000,2535851.000,0.062,0.063
1062, ANU,2587272.000,2585664.000,0.062,0.062
862, 邓文怡,2587272.000,2587272.000,0.062,0.062
1064,Ladybeard,2587272.000,2587272.000,0.062,0.062
1065, YonderVoice,2587272.000,2585664.000,0.062,0.062
262, 潘虹樾,2587272.000,2587272.000,0.062,0.062
263, ZER,2587272.000,2569590.000,0.062,0.063
1068,only胡迪,2587272.000,2580843.000,0.062,0.062
265,庆庆,2587272.000,2534271.000,0.062,0.063
1070,珊瑚,2587272.000,2587272.000,0.062,0.062
1071,農里,2587272.000,2582449.000,0.062,0.062
268,宮脇詩音,2587272.000,2587272.000,0.062,0.062
1073,VectorMachine,2587272.000,2513327.000,0.062,0.064
270,范炜与程渤智,2587272.000,2584057.000,0.062,0.062
271,ALow.,2587272.000,2584056.000,0.062,0.062
875,黄征,2587272.000,2587272.000,0.062,0.062
876, 林如韵,2587272.000,2582450.000,0.062,0.062
1078,yocho,2587272.000,2413783.000,0.062,0.067
275,JesseCook,2587272.000,2587272.000,0.062,0.062
879, 过又嘉,2587272.000,2587272.000,0.062,0.062
277, Katana_real,2587272.000,2585664.000,0.062,0.062
278, NeverBefore,2587272.000,2587272.000,0.062,0.062
882,Mzoce,2587272.000,2584056.000,0.062,0.062
280,奉枫,2587272.000,2587272.000,0.062,0.062
281, 彭远扬,2587272.000,2587272.000,0.062,0.062
282,uncle,2587272.000,2551942.000,0.062,0.063
283,Mu,2587272.000,2535870.000,0.062,0.063
1088, 蒋雪儿,2587272.000,2585664.000,0.062,0.062
1089,JeamsKing,2587272.000,2585664.000,0.062,0.062
1090,酷癌KooEye,2587272.000,2534268.000,0.062,0.063
1091, DJ阿奇,2587272.000,2587272.000,0.062,0.062
1092,白亮,2587272.000,2545496.000,0.062,0.063
1093, INK,2587272.000,2585664.000,0.062,0.062
1094, 琅琊阁,2587272.000,2587272.000,0.062,0.062
1095,Ezfic,2587272.000,2408915.000,0.062,0.067
1096,Noi!,2587272.000,2584056.000,0.062,0.062
293,炁体源流,2587272.000,2537499.000,0.062,0.063
1098,沈波,2587272.000,2585664.000,0.062,0.062
295,持枪萝莉,2587272.000,2582450.000,0.062,0.062
1100,AscensionMusicGroup,2587272.000,2587272.000,0.062,0.062
1101,永彬Ryan.B,2587272.000,2579242.000,0.062,0.062
298, 范忆堂,2587272.000,2531074.000,0.062,0.064
1103,NOSENSE无感觉,2587272.000,2585664.000,0.062,0.062
903,熊猫团PandaBros,2587272.000,2579239.000,0.062,0.062
1105,井宿,2587272.000,2585664.000,0.062,0.062
1106, 白小白,2587272.000,2587272.000,0.062,0.062
1107,声体乐团,2587272.000,2585664.000,0.062,0.062
1108,五音乐队,2587272.000,2584056.000,0.062,0.062
1109, XON,2587272.000,2572800.000,0.062,0.063
1110,喷嘭乐团,2587272.000,2587272.000,0.062,0.062
1111, 穿越君,2587272.000,2585664.000,0.062,0.062
308, SimorE,2587272.000,2585664.000,0.062,0.062
1113, FTampa,2587272.000,2587272.000,0.062,0.062
1114,RA,2587272.000,2542310.000,0.062,0.063
311, 拜合提亚bahtiyaraziz,2587272.000,2542289.000,0.062,0.063
1116,甲雍,2587272.000,2585664.000,0.062,0.062
1117, DABANG,2587272.000,2587272.000,0.062,0.062
314,高赫,2587272.000,2587272.000,0.062,0.062
1119,荆纯,2587272.000,2571199.000,0.062,0.063
1120,只有影子,2587272.000,2584056.000,0.062,0.062
317,青春美少女,2587272.000,2587272.000,0.062,0.062
1122, 许茹芸,2587272.000,2587272.000,0.062,0.062
319,黑戒,2587272.000,2587272.000,0.062,0.062
722, 刘嘉亮,2587272.000,2585664.000,0.062,0.062
1125,海龟先生,2587272.000,2587272.000,0.062,0.062
1126,汪源,2587272.000,2585664.000,0.062,0.062
1127, Arston,2587272.000,2587272.000,0.062,0.062
324,曲言,2587272.000,2585664.000,0.062,0.062
727,千界,2587272.000,2584056.000,0.062,0.062
1130,JayHardway,2587272.000,2585664.000,0.062,0.062
1131,野狼乐队,2587272.000,2587272.000,0.062,0.062
328, Lonely,2587272.000,2577628.000,0.062,0.062
1133, 安蕾尔,2587272.000,2587272.000,0.062,0.062
1134,MC水观音,2587272.000,2587272.000,0.062,0.062
1135, Hanser,2587272.000,2551934.000,0.062,0.063
1136,优雅的迟到者,2587272.000,2585664.000,0.062,0.062
1137,落日飞车,2587272.000,2587272.000,0.062,0.062
736, 郑茜匀,2587272.000,2587272.000,0.062,0.062
536,花玲,2587272.000,2567989.000,0.062,0.063
1140,Alok,2587272.000,2587272.000,0.062,0.062
337, 杨晓川,2587272.000,2572809.000,0.062,0.062
137,ambernini,2587272.000,2585664.000,0.062,0.062
339,TylerWard,2587272.000,2587272.000,0.062,0.062
139,高夫,2587272.000,2587272.000,0.062,0.062
743, 白静晨,2587272.000,2585664.000,0.062,0.062
141,雷佳,2587272.000,2587272.000,0.062,0.062
1147,黑猫,2587272.000,2585664.000,0.062,0.062
1148, Morrie,2587272.000,2587272.000,0.062,0.062
1149,棱镜,2587272.000,2584056.000,0.062,0.062
1150,[.que]柿本直,2587272.000,2587272.000,0.062,0.062
749,神马乐团,2587272.000,2587272.000,0.062,0.062
1152, 胡碧乔,2587272.000,2580844.000,0.062,0.062
1153,伊晗,2587272.000,2585664.000,0.062,0.062
1154, 徐千雅,2587272.000,2587272.000,0.062,0.062
351,林允,2587272.000,2587272.000,0.062,0.062
1156,肯别,2587272.000,2532704.000,0.062,0.063
755,HAMY何美延,2587272.000,2579236.000,0.062,0.062
354, 李子阳,2587272.000,2527851.000,0.062,0.064
1159,蒋欣,2587272.000,2587272.000,0.062,0.062
1160,杨学,2587272.000,2585664.000,0.062,0.062
357, 潇梦临,2587272.000,2585664.000,0.062,0.062
1162,朴翔,2587272.000,2587272.000,0.062,0.062
962,VIVI,2587272.000,2587272.000,0.062,0.062
1164,以冬,2587272.000,2537550.000,0.062,0.063
1165,熊子,2587272.000,2584056.000,0.062,0.062
1166,陈旭,2587272.000,2587272.000,0.062,0.062
1167, GBZ,2587272.000,2585664.000,0.062,0.062
1168,TheChainsmokers,2587272.000,2587272.000,0.062,0.062
1169,岸部眞明,2587272.000,2587272.000,0.062,0.062
768,DJCarnage,2587272.000,2587272.000,0.062,0.062
1171,彭雪,2587272.000,2587272.000,0.062,0.062
1172,二珂,2587272.000,2587272.000,0.062,0.062
369, 小红帽,2587272.000,2587272.000,0.062,0.062
1174,懒猫乐队,2587272.000,2529433.000,0.062,0.064
371, 莫君倾,2587272.000,2587272.000,0.062,0.062
1176, 赵泳鑫,2587272.000,2579235.000,0.062,0.062
172,ProgressiveDigitalStation,2587272.000,2585664.000,0.062,0.062
1178,Rhab,2587272.000,2587272.000,0.062,0.062
174,莫安琪AngelMo,2587272.000,2587272.000,0.062,0.062
376,DJcc,2587272.000,2585664.000,0.062,0.062
1181,魔幻之声口琴重奏团,2587272.000,2585664.000,0.062,0.062
1182,projectlights,2587272.000,2587272.000,0.062,0.062
1183,Elfar,2587272.000,2580844.000,0.062,0.062
1184, Rapen罗仁麒,2587272.000,2587272.000,0.062,0.062
381, ToddLi,2587272.000,2585664.000,0.062,0.062
1186,推,2587272.000,2585664.000,0.062,0.062
1187, RachelChang,2587272.000,2545486.000,0.062,0.063
1188,慕斯の小乖,2587272.000,2551932.000,0.062,0.063
1189,MR-X,2587272.000,2587272.000,0.062,0.062
1190,MERA,2587272.000,2587272.000,0.062,0.062
1191, 陶格斯,2587272.000,2587272.000,0.062,0.062
790, 付浩天,2587272.000,2587272.000,0.062,0.062
1193, JunoReactor,2587272.000,2587272.000,0.062,0.062
390,Yultron,2587272.000,2587272.000,0.062,0.062
1195, 许多葵,2587272.000,2582448.000,0.062,0.062
1196,Xerls,2587272.000,2484429.000,0.062,0.065
1197,孙翔,2587272.000,2587272.000,0.062,0.062
1198,泠鸢yousaの呆萌忆【管理团队】,2587272.000,2585664.000,0.062,0.062
395,泰然,2587272.000,2527838.000,0.062,0.064
1200,XjMiracle,2587272.000,2585664.000,0.062,0.062
1201,金忻,2587272.000,2587272.000,0.062,0.062
1001, 于嘉萌,2587272.000,2584056.000,0.062,0.062
1002, 金培达,2587272.000,2587272.000,0.062,0.062
1204, 宁桓宇,2587272.000,2587272.000,0.062,0.062
401, 于子将,2587272.000,2584057.000,0.062,0.062
1206,NickLopez,2587272.000,2585664.000,0.062,0.062
1207,洛萱,2587272.000,2587272.000,0.062,0.062
1208,昭和三色_,2587272.000,2574414.000,0.062,0.062
1209, 黄国俊,2587272.000,2587272.000,0.062,0.062
808,可儿,2587272.000,2587272.000,0.062,0.062
407,乔嘉,2587272.000,2587272.000,0.062,0.062
408, 好妹妹,2587272.000,2585664.000,0.062,0.062
1213,光泽,2587272.000,2587272.000,0.062,0.062
1214,Mason,2587272.000,2587272.000,0.062,0.062
411, 薛明媛,2587272.000,2505384.000,0.062,0.064
1216, 文子轩,2587272.000,2587272.000,0.062,0.062
815, K.P.R.,2587272.000,2579236.000,0.062,0.062
1218,MRUO,2587272.000,2539105.000,0.062,0.063
1219,熊猫眼乐队,2587272.000,2585664.000,0.062,0.062
1220,予词,2587272.000,2584056.000,0.062,0.062
1221,西原健一郎,2587272.000,2587272.000,0.062,0.062
1222,Diplo,2587272.000,2587272.000,0.062,0.062
 17,Thud,2587272.000,2587272.000,0.062,0.062
420,索朗扎西,2587272.000,2587272.000,0.062,0.062
1225,Yae_Angelica,2587272.000,2584056.000,0.062,0.062
 20, 尧十三,2587272.000,2574410.000,0.062,0.062
423,promema,2587272.000,2585664.000,0.062,0.062
 22,丁于,2587272.000,2579238.000,0.062,0.062
425,Lu,2587272.000,2585664.000,0.062,0.062
426,精气神制作,2587272.000,2585664.000,0.062,0.062
1231, 刘力扬,2587272.000,2587272.000,0.062,0.062
428,AvTProject,2587272.000,2584056.000,0.062,0.062
1233, 董又霖,2587272.000,2587272.000,0.062,0.062
1234,邓伦,2587272.000,2587272.000,0.062,0.062
1034, 蔡方萌,2587272.000,2584057.000,0.062,0.062
1236, 冯佳琪,2587272.000,2587272.000,0.062,0.062
433,发条卡目索,2587272.000,2587272.000,0.062,0.062
434, 飘乐队,2587272.000,2585664.000,0.062,0.062
1239,江潮,2587272.000,2584056.000,0.062,0.062
1240,KIDPUNK,2587272.000,2548680.000,0.062,0.063
1241,Fran,2587272.000,2531054.000,0.062,0.064
1242, Jason王威登,2587272.000,2587272.000,0.062,0.062
1243,儿时玩具,2587272.000,2585664.000,0.062,0.062
440,浜崎あゆみ,2587272.000,2587272.000,0.062,0.062
1245, 鲍元恺,2587272.000,2587272.000,0.062,0.062
241, 复乐班,2587272.000,2550312.000,0.062,0.063
1247,大泫,2587272.000,2587272.000,0.062,0.062
846,光速飞行,2587272.000,2584056.000,0.062,0.062
445,斑辣个马,2587272.000,2511735.000,0.062,0.064
 44,Mavericks_Official,2587272.000,2540701.000,0.062,0.063
447,Sula,2587272.000,2510173.000,0.062,0.064
448, OgreYouAsshole,2587272.000,2587272.000,0.062,0.062
449,单丹,2587272.000,2587272.000,0.062,0.062
450, Octave,2587272.000,2587272.000,0.062,0.062
1255,TaikoSuperKicks,2587272.000,2587272.000,0.062,0.062
452,渔圈,2587272.000,2587272.000,0.062,0.062
855, シャムキャッツ,2587272.000,2587272.000,0.062,0.062
1258,cattz?m,2587272.000,2580841.000,0.062,0.062
1259,Heki,2587272.000,2487646.000,0.062,0.065
456, 单海锋,2587272.000,2585664.000,0.062,0.062
859, DAVIDBORING,2587272.000,2587272.000,0.062,0.062
1262, Nencol,2587272.000,2540712.000,0.062,0.063
459, Sub,2587272.000,2561574.000,0.062,0.063
1264,青葉市子,2587272.000,2587272.000,0.062,0.062
461,莫籽,2587272.000,2587272.000,0.062,0.062
1266, ANK,2587272.000,2585664.000,0.062,0.062
1267,FromYourBalcony,2587272.000,2587272.000,0.062,0.062
866,郑钧,2587272.000,2587272.000,0.062,0.062
465,彭琦,2587272.000,2587272.000,0.062,0.062
 64,贰贝勒·木森(J-Forest),2587272.000,2587272.000,0.062,0.062
1271,ZOMBIE-CHANG,2587272.000,2587272.000,0.062,0.062
1272,深蓝儿童,2587272.000,2584057.000,0.062,0.062
469, 宋马超,2587272.000,2587272.000,0.062,0.062
1274,GalenCrew,2587272.000,2587272.000,0.062,0.062
1275,前冲,2587272.000,2450726.000,0.062,0.066
1276,GHASTLY,2587272.000,2587272.000,0.062,0.062
1277,大贺兄弟,2587272.000,2587272.000,0.062,0.062
1278, 贾盛强,2587272.000,2587272.000,0.062,0.062
475,冲击力乐队,2587272.000,2587272.000,0.062,0.062
476,杨琨,2587272.000,2585664.000,0.062,0.062
1281,ChocolatePuma,2587272.000,2585664.000,0.062,0.062
1282, 小sa神,2587272.000,2585664.000,0.062,0.062
1283, 活死人,2587272.000,2585664.000,0.062,0.062
480,JV陈政文,2587272.000,2587272.000,0.062,0.062
481,TheWillOnKill,2587272.000,2585664.000,0.062,0.062
1286,Vicetone,2587272.000,2587272.000,0.062,0.062
1287, 贺世哲,2587272.000,2587272.000,0.062,0.062
1288,LoveSong,2587272.000,2587272.000,0.062,0.062
1289,Jauz,2587272.000,2587272.000,0.062,0.062
1290,马博,2587272.000,2587272.000,0.062,0.062
1291, IZ乐队,2587272.000,2587272.000,0.062,0.062
1292, 林和夜,2587272.000,2585664.000,0.062,0.062
1293, Fuyuki,2587272.000,2587272.000,0.062,0.062
1294,花粥,2587272.000,2584056.000,0.062,0.062
1295,REI泠千夜,2587272.000,2516631.000,0.062,0.064
1296,洛尘鞅_vvv,2587272.000,2585664.000,0.062,0.062
1297, 印子月,2587272.000,2587272.000,0.062,0.062
1298,驳倒乐队,2587272.000,2587272.000,0.062,0.062
1299, 刘旭阳,2587272.000,2587272.000,0.062,0.062
1300, 靖佩瑶,2587272.000,2585664.000,0.062,0.062
1301,任东,2587272.000,2500613.000,0.062,0.064
1302, G.G(张思源),2587272.000,2569597.000,0.062,0.063
1303,贝歌,2587272.000,2529408.000,0.062,0.064
500,NOTD,2587272.000,2587272.000,0.062,0.062
1305, CodeWu,2587272.000,2587272.000,0.062,0.062
1306,moumoon,2587272.000,2587272.000,0.062,0.062
1307,周蕙,2587272.000,2587272.000,0.062,0.062
504,浅堤,2587272.000,2587272.000,0.062,0.062
1309,布瑞吉Bridge,2587272.000,2587272.000,0.062,0.062
1310,YoungMai,2587272.000,2585664.000,0.062,0.062
1311,小虫,2587272.000,2587272.000,0.062,0.062
1312,陈翔,2587272.000,2587272.000,0.062,0.062
1313,F.BING.KAI,2587272.000,2540702.000,0.062,0.063
510,刘忻,2587272.000,2587272.000,0.062,0.062
511,王闻,2587272.000,2587272.000,0.062,0.062
1316,朱强,2587272.000,2585664.000,0.062,0.062
915,DJSnake,2587272.000,2587272.000,0.062,0.062
514,欧阳耀莹,2587272.000,2587272.000,0.062,0.062
515,青子,2587272.000,2545515.000,0.062,0.063
1320, 范小蛙,2587272.000,2580844.000,0.062,0.062
1321,Carta,2587272.000,2540702.000,0.062,0.063
1322,豆腐P,2587272.000,2585664.000,0.062,0.062
1323, 江凯文,2587272.000,2587272.000,0.062,0.062
1324, 谢容儿,2587272.000,2584057.000,0.062,0.062
521,浪荡绅士,2587272.000,2579239.000,0.062,0.062
522,安浩,2587272.000,2561562.000,0.062,0.063
1327,戴荃,2587272.000,2587272.000,0.062,0.062
1328,COREONE,2587272.000,2587272.000,0.062,0.062
1329,王强,2587272.000,2587272.000,0.062,0.062
1330,BING,2587272.000,2587272.000,0.062,0.062
1331, INVADE,2587272.000,2577639.000,0.062,0.062
1332,南无,2587272.000,2587272.000,0.062,0.062
529, 苗田雨,2587272.000,2585664.000,0.062,0.062
1334,DoAsInfinity,2587272.000,2587272.000,0.062,0.062
1335,山人乐队,2587272.000,2587272.000,0.062,0.062
1336,$唐老师,2587272.000,2585664.000,0.062,0.062
1337,Ryzu,2587272.000,2587272.000,0.062,0.062
534,poree,2587272.000,2582448.000,0.062,0.062
937, JuicyJ,2587272.000,2587272.000,0.062,0.062
1340,To,2587272.000,2585664.000,0.062,0.062
1341,源君,2587272.000,2585664.000,0.062,0.062
136,艾格,2587272.000,2587272.000,0.062,0.062
539,洪辰,2587272.000,2585664.000,0.062,0.062
1344,边际自由,2587272.000,2587272.000,0.062,0.062
1345,笛在月明楼,2587272.000,2572803.000,0.062,0.062
542, 库亦晨,2587272.000,2580840.000,0.062,0.062
1347, 韦星弟,2587272.000,2587272.000,0.062,0.062
1348, 张阳阳,2587272.000,2587272.000,0.062,0.062
1349,MAKJ,2587272.000,2587272.000,0.062,0.062
1350,Sleepmakeswaves,2587272.000,2587272.000,0.062,0.062
1351,张渠,2587272.000,2587272.000,0.062,0.062
548,方磊,2587272.000,2585664.000,0.062,0.062
951, 李瑨瑶,2587272.000,2585664.000,0.062,0.062
952,尹吾,2587272.000,2582448.000,0.062,0.062
1355, 马旭东,2587272.000,2584056.000,0.062,0.062
1356,SWIN,2587272.000,2587272.000,0.062,0.062
955,TheFatRat,2587272.000,2587272.000,0.062,0.062
353,鸾凤鸣原创音乐团队,2587272.000,2584056.000,0.062,0.062
1359,HeaMusic,2587272.000,2585664.000,0.062,0.062
1360, 蔡小江,2587272.000,2587272.000,0.062,0.062
1361,Mario,2587272.000,2587272.000,0.062,0.062
1161,涓子,2587272.000,2587272.000,0.062,0.062
1363, 韦礼安,2587272.000,2582448.000,0.062,0.062
1364, 柯暮卿,2587272.000,2587272.000,0.062,0.062
1365, 王诗安,2587272.000,2587272.000,0.062,0.062
1366, 倪莫问,2587272.000,2587272.000,0.062,0.062
1367,孟大C,2587272.000,2585664.000,0.062,0.062
1368,BillySmith,2587272.000,2540696.000,0.062,0.063
1369,鱼果,2587272.000,2582448.000,0.062,0.062
1370,a$ce,2587272.000,2540685.000,0.062,0.063
567,黑羊,2587272.000,2580842.000,0.062,0.062
1372, 王继阳,2587272.000,2580845.000,0.062,0.062
1373,莫凝,2587272.000,2571199.000,0.062,0.063
1374,verahuuu,2587272.000,2585664.000,0.062,0.062
1375,丝绒公路,2587272.000,2587272.000,0.062,0.062
572,韩旭,2587272.000,2545505.000,0.062,0.063
1377,宋捷,2587272.000,2584056.000,0.062,0.062
976, SHEKHINAH|安娜与陈飙,2587272.000,2584057.000,0.062,0.062
575, Ray,2587272.000,2539094.000,0.062,0.063
1380,康妮啊啊,2587272.000,2559950.000,0.062,0.063
979,毛衍七Vava,2587272.000,2585664.000,0.062,0.062
1382, NPC,2587272.000,2542321.000,0.062,0.063
579,CrazyUp!,2587272.000,2582448.000,0.062,0.062
580,陈斐,2587272.000,2502223.000,0.062,0.064
1385, 郭欣桐,2587272.000,2587272.000,0.062,0.062
1386, 炎亚纶,2587272.000,2587272.000,0.062,0.062
1387,阿沁,2587272.000,2587272.000,0.062,0.062
1388, Redkey,2587272.000,2571214.000,0.062,0.063
1389, MC九局,2587272.000,2587272.000,0.062,0.062
184,废墟乐队,2587272.000,2587272.000,0.062,0.062
1391,寇麟,2587272.000,2587272.000,0.062,0.062
1392, 何玉林,2587272.000,2585664.000,0.062,0.062
1393,梦寒,2587272.000,2524651.000,0.062,0.064
1394, 陈晓东,2587272.000,2584056.000,0.062,0.062
1395,Xomu,2587272.000,2584056.000,0.062,0.062
592,BettyWho,2587272.000,2587272.000,0.062,0.062
593, Makino,2587272.000,2584056.000,0.062,0.062
1398,ILLENIUM,2587272.000,2587272.000,0.062,0.062
1399,余柯,2587272.000,2580840.000,0.062,0.062
1400,双笙,2587272.000,2587272.000,0.062,0.062
597, BAHERDINTURSUN,2587272.000,2585664.000,0.062,0.062
1402, 孛儿只斤·包迪,2587272.000,2582448.000,0.062,0.062
1403,魏枫,2587272.000,2567995.000,0.062,0.063
1404,龙井说唱,2587272.000,2587272.000,0.062,0.062
1405,冬子,2587272.000,2555139.000,0.062,0.063
1406,LaidbackLuke,2587272.000,2585664.000,0.062,0.062
603,AdventureClub,2587272.000,2587272.000,0.062,0.062
604,狄奥尼索斯,2587272.000,2585664.000,0.062,0.062
1409,孙露,2587272.000,2587272.000,0.062,0.062
1410,ForceDefender（坚定捍卫乐队）,2587272.000,2587272.000,0.062,0.062
1411,Liberation,2587272.000,2587272.000,0.062,0.062
1412, Maroon,2587272.000,2587272.000,0.062,0.062
1413,Dreamtale,2587272.000,2587272.000,0.062,0.062
610,NoiseHappy,2587272.000,2521424.000,0.062,0.064
611, 李行亮,2587272.000,2587272.000,0.062,0.062
1014, Prismo,2587272.000,2587272.000,0.062,0.062
1417, 柯子颜,2587272.000,2587272.000,0.062,0.062
1418,BlastWayZ,2587272.000,2577639.000,0.062,0.062
1419,ManicSheep,2587272.000,2587272.000,0.062,0.062
1420,一棵小葱,2587272.000,2550311.000,0.062,0.063
1421,圈,2587272.000,2585664.000,0.062,0.062
1422,南方二重唱,2587272.000,2587272.000,0.062,0.062
619,安妮朵拉,2587272.000,2587272.000,0.062,0.062
1424,RichBrian,2587272.000,2587272.000,0.062,0.062
1425, 周云蓬,2587272.000,2587272.000,0.062,0.062
1426,FerryCorsten,2587272.000,2587272.000,0.062,0.062
1427,张尧,2587272.000,2582448.000,0.062,0.062
1428, ModernChildren,2587272.000,2587272.000,0.062,0.062
1429, 木紫紫,2587272.000,2492587.000,0.062,0.065
1430,蘑菇兄弟,2587272.000,2563163.000,0.062,0.063
1431, 孔兰兰,2587272.000,2587272.000,0.062,0.062
1432,BrunoMajor,2587272.000,2587272.000,0.062,0.062
629,JiessieZhang,2587272.000,2585664.000,0.062,0.062
1434,Liars,2587272.000,2587272.000,0.062,0.062
1435,董昊,2587272.000,2585664.000,0.062,0.062
1436,Wiwek,2587272.000,2584056.000,0.062,0.062
1437, 谭佑铭,2587272.000,2587272.000,0.062,0.062
1438, 孟慧圆,2587272.000,2529486.000,0.062,0.064
635,初初初夏W,2587272.000,2579232.000,0.062,0.062
1440, 陈芳语,2587272.000,2587272.000,0.062,0.062
1441, USAGii,2587272.000,2587272.000,0.062,0.062
1442,OB,2587272.000,2577634.000,0.062,0.062
639, 潘广益,2587272.000,2587272.000,0.062,0.062
1444,Shang,2587272.000,2576026.000,0.062,0.062
1445, 李佳思,2587272.000,2582448.000,0.062,0.062
1446,CMCB,2587272.000,2587272.000,0.062,0.062
1447,佛山DJ明仔,2587272.000,2587272.000,0.062,0.062
1448,EasyMind,2587272.000,2535884.000,0.062,0.063
1449,PoKeR,2587272.000,2587272.000,0.062,0.062
1450, NL不分,2587272.000,2585664.000,0.062,0.062
1451, 阮以伟,2587272.000,2585664.000,0.062,0.062
648,东来东往,2587272.000,2585664.000,0.062,0.062
1453,苑笙,2587272.000,2585664.000,0.062,0.062
650,Herobust,2587272.000,2587272.000,0.062,0.062
1455, 陈鹏杰,2587272.000,2579234.000,0.062,0.062
1456, 未来星BRich,2587272.000,2584056.000,0.062,0.062
1457,ANNER,2587272.000,2587272.000,0.062,0.062
1458,考拉抱树,2587272.000,2574408.000,0.062,0.062
1057, 李佳璐,2587272.000,2587272.000,0.062,0.062
656,何故乐队,2587272.000,2577625.000,0.062,0.062
1461, LCT,2587272.000,2587272.000,0.062,0.062
658,斯琴塔那,2587272.000,2587272.000,0.062,0.062
1463,鑫哥,2587272.000,2587272.000,0.062,0.062
1464,大庆小芳,2587272.000,2587272.000,0.062,0.062
1063,至上励合,2587272.000,2587272.000,0.062,0.062
1466,玛雅,2587272.000,2587272.000,0.062,0.062
1467, 刘家昌,2587272.000,2587272.000,0.062,0.062
1468,秋仁,2587272.000,2559965.000,0.062,0.063
665, 孙国庆,2587272.000,2587272.000,0.062,0.062
666,展展与罗罗,2587272.000,2587272.000,0.062,0.062
1471,二夫,2587272.000,2584056.000,0.062,0.062
668, 尹姝贻,2587272.000,2587272.000,0.062,0.062
1473,张希,2587272.000,2553530.000,0.062,0.063
1474,MissMass,2587272.000,2585664.000,0.062,0.062
1475,Rich哈木-,2587272.000,2542303.000,0.062,0.063
1476,KT,2587272.000,2574419.000,0.062,0.062
673,狂奔的萝卜,2587272.000,2537495.000,0.062,0.063
1478, 塔斯肯,2587272.000,2574414.000,0.062,0.062
1077,JasmineThompson,2587272.000,2587272.000,0.062,0.062
1480, 李代沫,2587272.000,2585664.000,0.062,0.062
1079,文颖秋（DJCANDY),2587272.000,2585664.000,0.062,0.062
1482,OliviaOng,2587272.000,2587272.000,0.062,0.062
1483,飞翔,2587272.000,2587272.000,0.062,0.062
1484,痴人,2587272.000,2585664.000,0.062,0.062
1485,Pancakelee,2587272.000,2584056.000,0.062,0.062
1486,汪睿,2587272.000,2584056.000,0.062,0.062
683,Explosicum,2587272.000,2584056.000,0.062,0.062
684, 小青龙,2587272.000,2561574.000,0.062,0.063
1489,太阳部落,2587272.000,2587272.000,0.062,0.062
1490, Flo,2587272.000,2587272.000,0.062,0.062
1491, LNYTNZ,2587272.000,2587272.000,0.062,0.062
1492,阿尔达克,2587272.000,2550331.000,0.062,0.063
1493,T-Tone_小T,2587272.000,2584057.000,0.062,0.062
1494,奶昔,2587272.000,2584057.000,0.062,0.062
1495,安神,2587272.000,2587272.000,0.062,0.062
1496,缦珠莎桦,2587272.000,2585664.000,0.062,0.062
1497, 牛骏峰,2587272.000,2587272.000,0.062,0.062
694, 清华大学键盘队,2587272.000,2587272.000,0.062,0.062
1499, 陈每文,2587272.000,2587272.000,0.062,0.062
696, 文劲松,2587272.000,2585664.000,0.062,0.062
1501,CheatCodes,2587272.000,2587272.000,0.062,0.062
1502,爽子,2587272.000,2587272.000,0.062,0.062
1503, 翁梓铭,2587272.000,2584056.000,0.062,0.062
1504, 妮可酱,2587272.000,2587272.000,0.062,0.062
701,Eddd,2587272.000,2513375.000,0.062,0.064
1506,Thexx,2587272.000,2587272.000,0.062,0.062
1507,森川ちよ,2587272.000,2585664.000,0.062,0.062
1508, 黄玠玮ZooeyWonder,2587272.000,2587272.000,0.062,0.062
1509, DJAcey,2587272.000,2587272.000,0.062,0.062
706,LudovicoEinaudi,2587272.000,2587272.000,0.062,0.062
1511,SanHolo,2587272.000,2587272.000,0.062,0.062
1512,Jokerone,2587272.000,2587272.000,0.062,0.062
709,GulgineMollaemet,2587272.000,2585664.000,0.062,0.062
1514, 冯家妹,2587272.000,2587272.000,0.062,0.062
1515, Gammer,2587272.000,2585664.000,0.062,0.062
1516,CoolCool小飞,2587272.000,2587272.000,0.062,0.062
1517,曹寅,2587272.000,2556727.000,0.062,0.063
1518, 安苏羽,2587272.000,2587272.000,0.062,0.062
1519,浅蓝,2587272.000,2587272.000,0.062,0.062
1118,InfectedMushroom,2587272.000,2587272.000,0.062,0.062
1521, 南风（姜海龙）,2587272.000,2587272.000,0.062,0.062
1522, 陈信喆,2587272.000,2587272.000,0.062,0.062
719,MartinJensen,2587272.000,2587272.000,0.062,0.062
1524,Lamp,2587272.000,2587272.000,0.062,0.062
721,清弄,2587272.000,2587272.000,0.062,0.062
1526, 刘瑞琦,2587272.000,2587272.000,0.062,0.062
723, 王栎鑫,2587272.000,2587272.000,0.062,0.062
1528,琪叔,2587272.000,2587272.000,0.062,0.062
1529,韩庚,2587272.000,2587272.000,0.062,0.062
1128,平纱落雁音乐团队,2587272.000,2502170.000,0.062,0.064
1531,宗儒,2587272.000,2587272.000,0.062,0.062
1532, 刘思涵,2587272.000,2582448.000,0.062,0.062
1533,宇西,2587272.000,2585664.000,0.062,0.062
730,小亨,2587272.000,2585664.000,0.062,0.062
1535, 张怡诺,2587272.000,2587272.000,0.062,0.062
732,MarianHill,2587272.000,2587272.000,0.062,0.062
1537,小灰,2587272.000,2585664.000,0.062,0.062
1538,秦兽,2587272.000,2516597.000,0.062,0.064
735,YoungTime,2587272.000,2566397.000,0.062,0.063
1540, 兔子牙,2587272.000,2587272.000,0.062,0.062
1139, モーニング娘。,2587272.000,2587272.000,0.062,0.062
1542,BrunoMars,2587272.000,2587272.000,0.062,0.062
739,MandoDiao,2587272.000,2587272.000,0.062,0.062
1544,马丁,2587272.000,2585664.000,0.062,0.062
741, 付春霞,2587272.000,2587272.000,0.062,0.062
1144,MutmeePimdao,2587272.000,2587272.000,0.062,0.062
1547,梦璟SAYA,2587272.000,2587272.000,0.062,0.062
342,Biscuits,2587272.000,2571201.000,0.062,0.063
745, 黄雅莉,2587272.000,2587272.000,0.062,0.062
746,FACEV?ID,2587272.000,2539128.000,0.062,0.063
1551,邱霖BigL,2587272.000,2584057.000,0.062,0.062
748,王愚,2587272.000,2580844.000,0.062,0.062
1553,RED红八,2587272.000,2580844.000,0.062,0.062
1554,赫和美罗,2587272.000,2585664.000,0.062,0.062
1555, ShowMeTheParty,2587272.000,2539094.000,0.062,0.063
752,二龙湖浩哥,2587272.000,2587272.000,0.062,0.062
1557, 猫叶叶,2587272.000,2579233.000,0.062,0.062
754, 蒋道理,2587272.000,2585664.000,0.062,0.062
1559, 冯圣雅,2587272.000,2585664.000,0.062,0.062
1560,阿振,2587272.000,2587272.000,0.062,0.062
1561,艾菲,2587272.000,2587272.000,0.062,0.062
1562,OwlCity,2587272.000,2587272.000,0.062,0.062
759, 方迩羲,2587272.000,2587272.000,0.062,0.062
1564, 丁浩然,2587272.000,2587272.000,0.062,0.062
1565, 任向东,2587272.000,2585664.000,0.062,0.062
1566, 力量之声(VocalForce),2587272.000,2587272.000,0.062,0.062
1567,国风Dom.T,2587272.000,2571200.000,0.062,0.063
1568, 范世錡,2587272.000,2587272.000,0.062,0.062
1569,小皮,2587272.000,2534247.000,0.062,0.063
766,Tobu,2587272.000,2587272.000,0.062,0.062
1571,DJLayDiMusic,2587272.000,2585664.000,0.062,0.062
1572,重庆孩子,2587272.000,2585664.000,0.062,0.062
769, PRCrew,2587272.000,2585664.000,0.062,0.062
1574,苏勒亚其其格,2587272.000,2587272.000,0.062,0.062
1575,裘繼戎子千,2587272.000,2585664.000,0.062,0.062
772,索朗旺姆,2587272.000,2587272.000,0.062,0.062
1175,王蓉,2587272.000,2587272.000,0.062,0.062
1578,言和,2587272.000,2587272.000,0.062,0.062
373, ElleQu,2587272.000,2585664.000,0.062,0.062
1580, 徐海俏,2587272.000,2587272.000,0.062,0.062
777,茉茉天空,2587272.000,2535891.000,0.062,0.063
778,盘尼西林,2587272.000,2587272.000,0.062,0.062
779,DJ-荣大大,2587272.000,2584056.000,0.062,0.062
1584,裂天,2587272.000,2572806.000,0.062,0.062
1585, 曹方瑞,2587272.000,2587272.000,0.062,0.062
1586,Nightsky,2587272.000,2521430.000,0.062,0.064
1587,李旭,2587272.000,2582449.000,0.062,0.062
1588,Frankmusik,2587272.000,2587272.000,0.062,0.062
785,Q.luv,2587272.000,2585664.000,0.062,0.062
1590,机械懒猫,2587272.000,2585664.000,0.062,0.062
1591, 暖乐团,2587272.000,2587272.000,0.062,0.062
1592,简吟,2587272.000,2553542.000,0.062,0.063
1593,AfraCheng,2587272.000,2585664.000,0.062,0.062
1594, 李俊毅,2587272.000,2584056.000,0.062,0.062
1595,吉克隽逸,2587272.000,2584056.000,0.062,0.062
1194, 季彦霖,2587272.000,2558356.000,0.062,0.063
793, 艾美琦,2587272.000,2587272.000,0.062,0.062
1598, 程思佳,2587272.000,2587272.000,0.062,0.062
795,阿涵,2587272.000,2587272.000,0.062,0.062
1600,塔罗乐团,2587272.000,2587272.000,0.062,0.062
797,LosCrasher,2587272.000,2587272.000,0.062,0.062
1602, 韩沐伯,2587272.000,2539094.000,0.062,0.063
1603, 潘云峰,2587272.000,2566390.000,0.062,0.063
1604, 窦佳嫄,2587272.000,2587272.000,0.062,0.062
1203, ElectronicDanceMusic,2587272.000,2542320.000,0.062,0.063
1606,riza,2587272.000,2534251.000,0.062,0.063
1607,HangOnTheBox挂在盒子上,2587272.000,2582449.000,0.062,0.062
804,醒山工作室,2587272.000,2571194.000,0.062,0.063
1609,白菜,2587272.000,2584056.000,0.062,0.062


