AThree-Arslan,170,33,53798
阿杜,1,2,53675
Assen捷,21,13,129272
安苏羽,11,6,41911
DJ-Varc,8,36,1412
阿杰729,0,2,222840
安来宁,4,5,40001
AlimjanTursun,325,71,727
abduwali tohti,104,48,39918
爱乐团王超,119,14,17399
A路人,0,0,79248
阿来,76,7,22612
阿良良木健,75,42,28570
阿力木江·托合提,27,123,31279
阿尔达克,147,29,7611
安东阳,1,2,4434
Andy Mei,24,167,8909
Azoy,7,0,11519
阿尔法,1,0,7046
Allfine,8,14,9429
阿力普,482,69,15947
akbar ahmat ziba,104,1995,11712
安神,33,50,2527
积木立方,331,198,3032
阿沁,1,3,1123
AKA道长,13,2,301
阿见,1188,413,5502
艾尼瓦尔江,0,0,2061
Akbar Kahriman,1,1,11482
Archaic幻梦,2,12,1719
AiPi ,1,1,2727
Annco.Liu,101,0,3494
阿译,0,1,329
Fumos,4,57,489
艾克拜尔,97,3,8188
曹翟,26,159,1843
敖日格乐,3,31,274
士辉,20,26,336
Arivval,0,13,1405
阿振,5,6,212
Kadirya,32,274,1001
a$ce,239,52,1077
AseLOrDa,7,53,367
Anchoe,13,53,2418
阿拉腾傲刀,11,123,171
YoungDrake,43,34,433
安浩,33,90,129
ABSDJHONG,231,149,896
YK-D,11,32,382
ANNER,0,7,81
安然,2,9,726
白小白,0,5,73432
SAM努尔夏提,26,17,13073
布瑞吉Bridge,5,2,293607
白亮,280,44,52178
Bilal Enwer,62,22,84860
冰块先生,118,18,42808
白举纲,17,9,41101
变奏的梦想,14,19,38971
Braska,20,2,19011
白宁,7,5,1329
BrAnTB,0,1,93895
拜合提亚bahtiyar aziz,0,23,15771
白菜,7,36,476
拜尔,0,0,707
血男孩,16,1,10125
Beatsound,4,6,2081
笨笨口琴,551,18,20114
波拉,45,4,1228
边江,0,2,154512
薄彩生,31,32,5992
孛儿只斤·包迪,2,18,1469
白天不亮,149,121,8731
Ballrockin,89,264,1618
鲍鹏,37,5,543
毕书尽,147,3,23106
百慕三石,1,91,1467
BlurryCloud,412,170,4724
Viper毒蛇,12,7,856
巴顿,18,3,2318
BigKey,2,0,430
白羽,51,267,3614
贝歌,99,44,142
BHTY-R,19,34,301
斑辣个马,31,105,2434
周迪,76,29,922
BackToBand,11,5,394
背背,0,2,76
边远,77,1,1530
鲍越,23,38,540
白静晨,0,11,489
bAddrop,25,6,131
鲍昕宇Aspada,18,15,112
YoungBoyDan,2,21,533
边边,14,18,211
波比,3,11,93
薄云天,2,2,5
鲍元恺,1,5,238
Bloody Woods,9,4,2561
半梦,3,16,36
BK532,26,1,732
BillySmith,4,180,756
Bikman,8,19,419
陈硕子,23,16,105866
陈鸿宇,155,51,859108
CLOUD WANG,130,49,62722
丛铭君,22,5,21654
陈楚生,47,7,432644
陈信喆,1,4,11118
R7CKY,164,157,40669
Candy_Wind,27,32,48606
陈奕夫,7,1,2866
曹轩宾,12,0,39422
陈翔,6,3,143900
常石磊,0,0,29736
曾一鸣,99,6,44793
陈晓东,1,10,25661
陈柏霖,9,2,20847
陈致逸,159,36,24832
Cee,32,27,24712
传琦SAMA,182,38,40179
陈旭,19,6,10134
Carta,579,67,77948
Chace,51,3,87773
蔡方萌,171,7,3731
陈小虎,1,2,17618
陈鹏杰,1,19,11373
曹槽,78,16,10652
陈亮,180,1,27187
川子,0,2,11501
残泪杰,8,10,1326
曹秦,83,16,8714
崔跃文,51,0,16381
陈丙,0,1,201
曹寅,72,35,10511
陈奂仁,4,0,24956
茶季杨,282,207,17416
曹思义,2,8,12390
陈浩民,3,3,4273
曹方瑞,12,8,2024
CloudINJoke,18,145,1084
才让东珠,2,3,12915
程池,5,3,4962
陈劭康KOMIC,29,20,2000
陈浩东,0,2,2479
大彻,23,4,6493
陈伟伦,69,5,2150
冬飞,1,28,721
董又霖,1,1,135240
邓伦,2,3,214670
DP龙猪,155,30,185409
丁可,95,0,119729
大张伟,3,7,161063
戴荃,7,3,152988
东南,11,1,7521
DELA,11,40,45233
冬子,38,8,3496
董昱昆,44,51,5618
Dough-Boy,74,2,46862
DjCore,39,185,1274
DJ浩宝,19,1,11170
董冬冬,9,4,4424
DJ建斌,158,6,17726
大冰,0,0,83946
多亮,3,10,21259
大哲,2,4,3925
杜佳阳,17,40,4014
丁于,3,6,8055
东来东往,0,8,5908
烛鷷大魔王,9,20,15717
DJ阿奇,1,3,2061
董子健,1,2,3457
D-Lay,3,10,1484
丁世光,16,12,5188
单小源,7,0,1508
蛋卷,237,77,6884
丁汀,1,1,1536
张拾壹,57,10,4205
丁炜,1072,23,23452
丁少华,19,24,5547
大琴师音乐游戏,1,1,3010
大一学长,0,4,160
戴景耀,0,1,3920
大泫,1,7,3824
大坏兔子,5,45,59
敌门,4,4,3381
Dark Moon,239,44,938
dj皇家礼炮,1,4,1253
狄奥尼索斯,9,22,2153
豆心,7,11,16086
笛在月明楼,6,75,1308
DJLayDiMusic,115,21,908
丁乔,2,24,3213
豆腐P,8,34,2887
丁浩然,0,4,2519
DJ Ricardo,73,77,4076
董昊,237,77,899
旦旦,9,31,2127
单海锋,25,1,1595
贰婶,14,2,224962
贰佰,91,8,190602
哦漏,5,12,312182
eliaqsopa,2822,101,46494
EDIQ,4,1,8411
JIN DJs,107,44,11839
二凉,4,3,10230
Elvins.J,43,2,7945
二龙湖浩哥,0,2,2304
EACH9,0,0,3049
Evis Wy,3,2,1252
EdJean,391,101,3087
Elfar,16,25,3247
二文,617,101,6758
EDMarco,0,322,2484
enderdz,11,1,2082
贰贝勒·木森 (J-Forest),7,3,2841
EDEN,13,13,360
“阿兰姐”,65,58,2091
Easy Mind,145,428,1079
儿时玩具,0,15,72
Ezfic,18,522,179
二夫,0,42,9
EXIA,467,228,960
诶姆,8,5,361
EryXDY,8,28,7509
Easion_Ng,15,54,128
冉明阳,13,7,195
ElectronOscillator,4,50,42
一针见喜,8,51,61
二向柚,342,6,317
Electronic Dance Music,194,528,346
Rich哈木-,15,6,289
方大同,1,8,246122
法老,19,5,215402
伏仪,165,16,75140
风子,386,28,67264
樊凡,3,0,20577
Fcyco,35,0,39345
Force嘟嘟,0,10,35866
甫平,82,0,24020
冯佳界,91,89,36193
方磊,106,2,11300
枫叶,0,4,875
范炜与程渤智,23,9,9349
付辛博,1,3,33854
范世錡,0,3,11740
HAO付豪,87,20,7068
Firah,22,0,5093
Forkyrie,429,2,4574
范忆堂,151,11,11290
梵墨,1,11,29569
范恩,17,10,16259
李汶峰,56,12,745
Oily Fish,187,57,899
樊少华,0,2,260
佛山DJ明仔,0,6,679
冯言,0,4,78
林屿森LIN,9,0,713
FACEVÔID,57,62,1116
冯乔,46,108,2758
绯太子,0,5,3317
Ferrison,106,335,3664
FOM,322,98,818
浮游人-TonY,32,3,1088
Fattwo,0,2,133
付浩天,7,3,39
飞翔,1,5,24
周栈,0,23,459
方毅,12,1,883
奉枫,0,3,18
冯晓荣,14,7,146
肥坨坨FatToc,28,16,406
F.BING.KAI,255,753,1504
Gloomy Van,16,2,297
何玉林,88,7,470
浮克,0,1,146
FyBe,3,128,185
范星光,0,4,38
F,6,67,22
苏天添,6,28,32
郭顶,39,2,457967
G.G(张思源),43,15,226750
郭旭,38,14,72799
光泽,16,3,39269
GAI周延,32,5,533812
鬼卞,16,3,232197
跟风超人,1,0,14568
Gill Chang,0,5,6334
高安,0,3,13641
关喆,2,0,15229
国风Dom.T,49,14,49584
GNS耀耀,31,13,2918
宫阁,8,0,29670
苟瀚中,146,8,3266
高林生,507,0,3198
时光,2,5,3005
顾峰,163,127,1138
GC国丞,96,13,1865
Yehudi Too,29,170,1635
谷柏杉,255,18,4493
高铭,3,7,1554
歌浴森,1,0,47814
高夫,0,9,3005
郭思达,0,3,831
光头李进,0,0,907
顾稚蔚,17,14,2689
GrymeMan,0,6,702
宫俊,2,4,562
嘎玛西周,25,5,1347
Gatsby in a Daze,3,0,3000
高赫,5,4,43
GBZ,26,44,969
GZ,529,68,6367
郭好为,4,11,404
华晨宇,1,0,1291266
胡彦斌,21,2,271985
河图,2,0,558380
后弦,1,8,140751
胡夏,2,4,89518
黄旭,0,9,69905
韩沐伯,0,7,61720
回音哥,32,15,199823
Hanser,11,9,384362
郝云,0,4,142344
黑龙,0,2,18571
霍尊,90,2,275244
洪尘,30,18,65562
海鸣威,0,2,14185
黑羊,290,12,24032
胡碧乔,2,30,28806
黄雨篱,341,105,43909
RA,2,11,6900
晃儿,30,3,37300
黄榕生,4,8,50184
海生,12,3,4146
韩庚,5,0,39437
洪启,38,52,8918
何大河,51,1,41220
黄超,0,3,492
黄征,10,3,2544
何山,4,22,2918
韩安旭,0,2,24797
黄礼格,37,2,10868
胡德夫,75,0,39899
浩瀚,14,72,896
涵昱,94,74,4728
洪雨雷,5,3,27377
黄国俊,0,6,203
陈斐,407,43,14405
和弦,8,44,4420
贺西格,4,3,6002
何星烁RapStar,79,28,11964
Howie Lee,11,1,29953
罗一四,5,12,4593
黄勇,0,5,1392
胡波涛,57,23,4818
灰原穷,8,16,21334
H.K.君(HEROAR),7,7,9723
iMoon,4699,363,19816
impossibleChuck,4,37,709
InfiniteMusic,34,2,4292
INK,7,7,234
iimmune,1,7,446
金志文,2,13,209692
简弘亦,215,0,528051
Jason Chen,23,6,32648
蒋家驹（蒋蒋）,18,10,95032
姜玉阳,0,0,26630
金贵晟,12,7,17110
J-Sleeper性感的拖鞋,36,52,29936
姜贰拾,453,53,17553
Jason王威登,1,3,2370
蒋明,35,11,25788
江南诚,6,11,30723
蒋大为,0,5,5804
JR Fog,11,6,14748
靳松,9,3,19178
靖佩瑶,3,16,51578
井柏然,0,1,10873
金培达,1,3,4027
JK.Chen,319,0,1262
JZlee,6,0,850
JK LEE,69,17,4376
鞠起,144,33,5098
精气神制作,43,11,11444
坚持者,8,20,5537
贾盛强,5,4,1807
江潮,19,14,5540
蒋山,35,32,5825
小简,4,0,1492
纪粹希,189,166,8287
贾昱,2,6,8455
简吟,3,13,715
JOE WANG,15,151,9193
JeamsKing,91,20,1692
甲雍,136,17,2763
jackson,10,31,5003
吉克曲布,19,10,2721
JIANG.x,56,52,1071
贾巴阿叁,7,8,3444
君子,0,3,296
九御kyuugo,5,9,3229
江生,76,118,2409
蒋敦豪,1,2,9247
陈褚骏,3,12,37
精彩词轩 ,3,59,40
江凯文,27,5,9520
贾涛,5,3,302
JV陈政文,13,4,153
Joker one,3,5,15
聚来提,6,2,4102
金忻,12,6,983
京脸儿,2,21,233
KBShinya,17,28,317045
卡修Rui,50,26,92769
孔令奇,3,1,12295
Kafe.Hu,38,16,11520
柯羽,0,3,222
凯玟桑,1,4,4193
康硕Kenny,34,5,16860
KenT,12,9,5892
柯暮卿,0,2,5526
孔垂楠,2,0,7372
卡斯Kas$,5,14,5495
柯智棠,0,1,7439
张童,10,135,3896
Keyshawn Binean,12,3,903
K邵庄,7,8,8544
宗儒,33,10,1523
孔岱山,54,203,3684
Kositu,3,19,1077
Kit.Tam,14,46,473
库亦晨,12,14,643
Koowho,23,58,2073
Killazer,21,112,1728
卡列宁,38,39,474
K.Scarlet,2,0,159
Knife Lee,2,6,88
孔一兵,32,2,83
Ray3,80,69,533
杨文博Poe,79,235,982
肯别,2,29,272
Kael 鹿帆,32,50,321
Katana_4real,0,2,58
口琴ok,2,3,345
吕先生,14,11,15
狂奔的萝卜,70,226,206
Makino,28,38,82
寇麟,1,5,14
KNXER,46,204,690
Knight ,0,11,28
Kalen,0,22,12
康智炜,0,15,18
林宥嘉,2,4,1177444
李荣浩,10,5,1906791
Lil Ghost小鬼,8,61,390305
李志,289,0,2128812
伦桑,33,1,741810
李健,11,3,948029
刘昊霖,156,1,201348
梁博,0,2,199055
李玉刚,4,2,284548
卢焱,0,4,14716
老狼,79,125,1594580
李代沫,7,5,106409
柳爽,98,25,96990
廖俊涛,20,4,146574
李常超 (Lao乾妈),2,0,352155
卢广仲,0,2,77251
李雪莱 ,3,2,61483
流浪的蛙蛙,11,32,57122
六哲,5,0,35063
李行亮,0,7,27957
蓝波,0,0,12185
刘旭阳,0,5,5741
廖效浓,143,11,114954
李琦,32,7,48223
李俊毅,9,16,37811
陆虎,14,3,23059
梁晓雪,156,0,36323
李慧宇,10,56,8321
李智,74,13,23195
刘嘉亮,0,5,5899
刘心,9,42,39013
赖伟锋,0,9,16670
李子阳,901,47,19314
雷诺儿,0,8,3184
刘东明,25,0,8625
刘洋,31,10,4645
蓝乐,2,2,1105
梁栋江,5,4,6489
老虎欧巴,2,25,16937
李明霖,266,0,57749
李维,1,1,3656
Lu1,43,23,41867
卢小旭,0,2,5048
刘明汉,40,19,12047
李柄桦,22,2,6086
廖佳琳,56,9,72432
刘家昌,1,2,7636
李晋,593,10,19197
马雨阳,462,105,168051
满舒克,91,0,582901
MuSik I,16,14,27782
马頔,246,0,412751
慕寒,26,0,403246
闫东炜,490,44,116956
Mario,125,11,75810
Max马俊,1,26,38936
Mc光光,28,0,107263
孟大宝,417,172,123843
马天宇,1,3,56400
M80,121,14,21423
慕斯の小乖,32,6,16112
马潇,161,84,15608
马条,61,5,25952
满文军,1,10,16889
chill boy,41,33,22800
马融,26,1,19419
M-PHOTOS,187,177,33139
猫饭,4,121,2058
Mr.岑,38,5,79819
MC-5,22,4,27912
馒头,411,62,175761
满江,115,12,65517
MyT1aN,264,79,7575
梅粮新,43,40,12170
莫西子诗,18,10,44062
莫染,78,55,12675
茉莉僧,253,84,12740
Mardan·omar（买尔旦·吾买尔）,35,11,25323
Merdan Ablikim,154,46,16793
MC九局,1,5,2719
冰鑫,2,9,10586
马旭东,27,6,24824
mAjorHon,32,24,16253
马丁,2,7,8445
马博,1,9,3858
Mr.16罗隽永,285,30,30900
漠城,14,1,1481
麻吉弟弟,0,4,1621
马戏团小丑,30,0,3929
Mingkii,68,125,3269
Mllano,45,94,1614
Mr.Trouble麻烦先生 ,117,0,5430
Mc阳子,0,0,4751
喵步小雨中,8,4,3361
方仔Rich John,22,0,4014
Matt Zachary,497,115,9096
孟瑞,3,0,5725
莫爱河往生,84,1999,1989
苗小青,0,4,306
马里奥赛德,721,108,7561
麦子杰,10,31,195753
MC水观音,0,3,1719
阿森,2,11,2133
那吾克热LIL-EM,0,2,260279
泥鳅Niko,185,19,215124
宁桓宇,5,3,14702
NL不分,92,10,51836
Noicybino,83,35,28238
N2V,87,73,24030
南风ZJN,124,35,35592
宁夏,85,15,13907
Nayim.Nabi,239,129,10720
南风（姜海龙）,1,6,168
还没睡醒的DiDi,25,11,953
南瓜饭,20,65,858
NANO-F**kyig,38,111,1328
嫩桃弟弟,49,4,2879
Nellee,1180,245,3517
牛骏峰,23,2,4897
聂禹,986,260,2118
暖场小粽子,15,14,445
男森RAP,0,49,269
Nencol ,20,24,489
No.6,24,154,521
Inspiration,0,4,322
Nero NEX,0,20,85
Nic-BOOM,0,2,141
Nacid,0,26,2261
喃常乔,24,6,626
糯米,1,6,38
南涩雨,2,3,201
安夕尔,0,10,53
Noise Happy,1,7,44
小白的亚新,77,70,53
南味年糕,0,1,131
Nickking,81,5,151
農里,5,27,95
弄青_Leon,2,5,35
OB03,19,17,23431
欧阳尚尚,0,0,204
黄秋颖,5,8,297
OCULAR,12,40,937
Orientlic,3,3,441
OWL Records,27,58,2248
昭和三色_,8,62,52
Oho,1112,42,55970
欧阳曹亮,0,2,19
Octave 20,0,5,34
Ops.7,0,0,93
ODYSSEY_,297,92,113
OG-K,2,17,200
欧阳屌宏,4,35,49
one0none,1,13,78
朴树,1,3,789384
潘玮柏,5,5,140929
Pianoboy高至豪,311,8,196009
鹏泊,55,12,137234
Panta.Q,127,75,152712
品冠,45,0,234663
潘广益,2,3,4940
庞龙,14,11,23656
潘柯夫,0,6,904
PoKeR,1,4,15749
平安,4,4,48143
帕尔哈提,0,2,55923
彭钧,600,35,14234
彭坦,0,0,15055
Pahirdin-Rahman,13,7,4899
瓶中怪,449,4,8996
蒲巴甲,0,2,2836
PIKLANS,0,54,7209
橙汁studio,17,54,719
Phany,26,2,1411
PDP,204,29,2724
P2Pover,93,25,652
彭成,6,37,257
潘高峰,40,12,2318
Penguin Wang,5,71,490
Peterovic,122,76,1466
潘雨轩,26,47,553
庞哲,8,10,255
朴翔,5,20,130
彭子瀛,8,6,18
Pancakelee,622,26,1458
Pipy He,8,11,1309
咖咖,3,7,31
phsence,2,1,34
彭高平,0,0,90
彭博,45,3,189
裴力,0,24,95
潘协庆,3,9,3738
Posheric,8,48,295
潘云峰,8,28,323
怕黑,0,4,40
彭远扬,0,4,0
Polymath9,73,281,675
彭宇,138,63,273
prome ma,182,421,758
盘大王,2,19,46
PEATLE,21,11,338
powerA,0,7,21
彭家熙,60,47,812
Jony J,23,4,1087607
奇然,15,0,195461
齐秦,2,0,92208
乔任梁,14,0,74558
秋野,96,25,10069
前冲,36,90,15581
乔洋,70,5,13314
权振东,8,5,4781
琪叔,90,22,2540
浅蓝,0,4,1344
秋火林荫,8,24,108
裘繼戎子千,1,2,13037
秦景轩,1,0,205
秦博,78,3,6748
邱霖Big L,188,25,4333
秦万民,0,42,728
邱胜翊,0,4,4365
谦木,19,17,527
乔乾师,2,2,533
七手,10,11,1239
邱振哲,0,5,299
秦勇,0,3,1193
qasa,23,5,264
乔万,0,4,270
浅堤,2,4,612
晴天,26,4,775
曲艺,22,6,381
乔军,1,3,140
祁汉,2,9,988
齐会超,0,9,56
陆本平,101,142,924
邱小龙,26,34,71
乔嘉,4,10,30
秦艺天,1,51,64
邱吉,1,3,29
Qzero,2,8,2632
俅其oky,28,29,335
祁子航,2,5,250
区智健ONO,0,0,97
祁富贵,6,4,13
一杨,0,0,51
邱添,26,21,141
任东,21,39,3261
Riyat.Yusup（热亚提.玉苏甫）,62,2,29802
Robot-Boy,153,18,8688
任路加,129,40,9950
任宇翔,209,143,43887
Seot,7,12,5852
饶威,24,6,4853
RYLIA,772,176,14493
Thunse,8,7,6208
RPZ,84,0,3636
魜,283,1076,3975
Rapen罗仁麒,0,3,411
任和,3,49,37091
润土,0,2,1692
Restonia,13,94,392
Xerls,44,134,10204
李旭,0,3,310
任向东,79,12,443
Remix Music TV,18,14,344
学长呀,0,8,4954
Redkey,5,35,1879
RCJacH,7,4,53
浅小寒同學,18,12,46
Rap大军,11,16,3444
Rabbit-lcc,19,3,355
软木,1,3,2027
RoseKhalifa,83,65,10312
R8o,8,33,84
蔡小江,0,2,12
Talkbox Roc Kit,21,19,349
任秋晗,0,1,6
阮以伟,2,7,603
荣子yJan,10,7,73
孙毅然,0,5,19
Helix.T,57,53,293
Rise,1,6,417
任健,120,64,299
任仂,1,19,17
任意门,1,22,116
阮明杰,0,1,16
rapof15,0,2,9
任升,2,10,23
宋冬野,80,86,902184
Shang,3,59,50837
孙子涵,0,1,105670
smile_小千,16,0,80547
Sbazzo,12,1,7894
孙楠,31,2,253490
三亩地,21,2,203675
苏琛,18,31,64677
沈谧仁,28,0,44735
沙宝亮,6,7,223378
深七,1,0,57916
少恭,256,1,149781
Yoken_Official,19,60,9920
寿君超Keyso,5,4,13934
S9ryne ,99,101,20882
苏醒,36,0,53055
孙八一,8,1,43696
石进,141,0,122888
银 河 骑 士 李 老 板,222,180,51287
爽子,31,6,21022
税子洺,18,6,6113
Senpai,0,1,4051
Soul,1027,228,3203
苏阳,45,9,39019
SEVEN TANG,150,19,14279
Upuk,11,44,6531
萨满,26,8,39967
孙翔,0,5,341
三郎,0,2,737
桑吉平措,175,0,10701
舒大卫,32,10,1797
萨沙,7,5,45149
宋捷,35,7,3886
ETAGI,7,55,1502
Shepqet,20,3,1519
邵言,58,66,2774
索朗扎西,1,2,6585
沈庆,102,46,196690
孙国庆,0,3,570
水月,146,26,6802
SIX GOD,337,153,8118
Simon Marcus,68,8,977
宋晓峰,1,2,939
Heki,52,171,1624
Satchel,803,323,5990
宋马超,0,4,128
四郎贡布,0,1,513
依兴驰,5,49,1260
Skey,77,85,1896
李官卫,1,17,2992
李粟,36,78,776
沈波,66,12,594
十三狼,19,5,1210
顺德,26,30,1183
史哲宇,1,0,17
陶喆,2,3,224659
腾格尔,2,7,60814
Ty.,4,0,126016
唐汉霄,35,23,4918
陶峻汐,11,13,6257
TSAR,42,200,54594
覃俊毅,1,0,10407
The Shanghai Restoration Project,73,6,96368
Terry Zhong,215,130,23954
唐磊,29,25,11934
谭水明,75,2,1567
Lonzo,47,220,2487
TZ,155,0,9840
Umvt,251,30,9517
汤子星,8,21,641
Toby Davis,190,246,7993
TONY REY 凯睿,0,3,744
Tolein,61,39,17976
塔斯肯,2,17,4278
汤非,8,0,1427
泰然,48,42,1691
覃桢,6,0,3858
谭佑铭,1,3,6023
谭汶奇_wikki,26,30,223
TedJon,5,24,933
TopManss,176,40,2968
TYRX,14,88,3230
谭妍喆,2,6,991
陶辰宇,5,3,10542
田宇杨子,0,0,337
唐龙,0,3,94
覃元隆,0,1,10
谭哲,6,21,131
田野,21,1,2574
唐音工作室,2,16,614
汤祯钰,6,21,466
NPC,36,125,828
Tonino祖力,892,112,764
TooPhat,16,19,524
天津饭,0,0,3188
琨,125,16,134
Trojanese(魏宇凡）,6,44,392
奇巍,6,8,668
逆流Group,10,5,523
USAGii,0,5,50
UNDERAQUE,0,18,79
Ulysses,3,44,91
Uncle Martin,0,6,28
Uncle Hu,83,24,222
Cilantro_killer,0,4,21
V.K克,482,26,78438
VESK GREEN,835,196,14943
VISUDY,41,0,17395
VOGUE 5,3,5,81
verahuuu,2,1,398
VISIN,1,11,39
Vous Records,2,5,181
Neo Zhang,15,32,94
Vacance.ZEN,13,15,31
VincentSax,21,16,91
VOICHAN,0,4,8
Var3D,1,3,28
Vai,3,111,58
VAIOTME,0,0,15
Veeos,0,128,193
Vica_Scream,2,5,244
王力宏,1,2,590286
汪苏泷,15,11,530630
王嘉尔,3,3,494112
王杰,15,3,223810
王齐铭WatchMe,2,8,68585
吾恩,15,23,165882
五音Jw,12,4,93655
汪峰,21,0,213728
Winky诗,16,10,251567
魏晨,5,3,261670
吴克群,1,1,41905
王宇良,86,10,53874
W.K.,5,16,42120
五色石南叶,20,1,119649
魏小涵,240,72,44997
王闻,8,4,3672
Toy王奕,16,0,34843
伍思凯,0,9,6563
翁大涵,254,115,21523
王强,3,4,3577
万晓利,54,0,96809
翁梓铭,103,16,7243
王童语,0,3,8946
魏巡,4,0,64472
王睿,6,0,10394
王博文,0,0,61924
韦礼安,11,6,111635
王亚东,137,15,3813
王愚,54,25,44664
王铮亮,3,11,25973
王朝,4,0,20969
文子轩,0,1,24763
王三溥,41,8,27865
文劲松,21,7,4599
王上,19,4,7167
Ice Paper,1,0,6797
吴彤,2,0,10376
WHIZZBIZ威士堡,168,1,28206
文颖秋（DJ CANDY),9,6,3835
武艺,2,3,46247
WARISJAN ABDUREHIM,2,24,9987
王栎鑫,1,0,16421
王继阳,1,5,16460
韦星弟,5,6,36833
王梵瑞,62,4,18195
王华峰,73,36,27161
王备,4,2,7352
魏枫,11,160,137
汪定中,0,2,10908
王胜,45,11,4858
王进,52,119,3490
王广允,5,4,26931
薛之谦,8,0,4898386
许嵩,11,0,1711769
萧忆情Alex,4,1,638392
西瓜JUN,39,3,755351
徐良,28,1,194853
小魂,129,21,362884
夏小虎,17,0,152299
许一鸣,11,8,26304
小曲儿,17,0,257560
夏子皓,33,31,39561
萧煌奇,1,3,37078
箱子君,3,7,6091
新疆群星,306,260,21761
西奥Sio,38,0,59368
西瓜Kune,143,16,139608
小洲,0,1,58998
谢帝,34,0,108182
小来哥,0,16,3409
谢天笑,21,16,121975
Xun（易硕成）,11,23,22978
小右,12,27,16197
徐大乐,168,63,14960
小柯,8,0,18071
潇梦临,8,4,10631
徐誉滕,5,5,16488
邪恶少年EB,156,33,16498
西皮士,14,15,43836
许魏洲,9,3,107826
小安,50,0,11166
邢磊,1,32,52
西楼,0,5,30439
小贱,30,0,48476
徐子洋,1,17,5804
Danny_AhBoy许佳麟,60,9,25239
熊天平,0,4,2423
谢雨维,69,0,4899
谢路昊,0,1,28355
Ayan,10,21,4077
小少焱,1,1,16101
鑫哥,0,5,1150
小皮,1,14,4467
老猫,150,87,2041
希介,7,6,4280
小艾EYE,71,16,10941
徐云霄,22,6,3145
小虫,1,2,3927
小猛,33,3,5759
小微,130,157,7988
熊汝霖,148,110,22438
徐靖博,1,2,440
ANK,269,40,5701
熊熊作业,107,4,7981
小灰,0,5,825
HIGH LANDA,54,0,5416
杨宗纬,2,3,716391
杨坤,2,2,47104
永彬Ryan.B,66,23,87944
余佳运,108,29,258523
音频怪物,3,5,459415
叶洛洛,182,12,336413
杨非同,0,4,18747
佑可猫,2,0,99091
Yee,64,14,139589
尧十三,150,15,247085
杨和苏KeyNG,0,7,40545
于毅,7,3,44501
杨搏,11,0,16769
炎亚纶,3,4,58131
颜小健,5,3,15081
尹毓恪,10,0,87748
杨晓川,18,13,12214
颜韵Ycy,0,6,5509
妖蝠,5,3,18625
杨栋梁,0,9,3377
Young Mai,46,18,66147
于子将,19,68,3314
养鸡YoungG,18,0,51386
杨嘉松,7,6,392
伊丽莎白鼠,1,4,200736
尹吾,1,12,7194
余枫,2,18,18495
月代彩,39,0,9188
于嘉萌,0,20,497
袁弘,62,29,1493248
约瑟翰庞麦郎,1,2,10223
云天_Cloud,20,22,3200
于湉,14,5,5832
杨琨,4,5,1107
杨梓鑫,6,9,14251
亦勋,25,1,2431
YoungQueenz,23,0,16193
鱼果,55,102,4268
杨炅翰,69,80,4262
一盛,47,471,22050
余柯,15,86,576
岳伽南K!yo,1,4,7007
优秀少年好好,2,5,229
叶健,43,22,4610
yocho,161,326,1638
杨烁,0,4,808
杨培安,51,0,6773
印良法师,0,2,8578
杨旭,0,2,148
杨学,97,16,4515
易思宏,18,34,567
赵雷,14,0,1347016
张杰,3,0,707633
周柏豪,28,0,456191
张震岳,3,2,180813
周兴哲,4,4,98621
张信哲,7,3,253134
赵紫骅,63,3,47296
朱星杰,45,22,326638
周传雄,2,2,326149
周深,2,3,202240
周锐,4,1,144522
周汤豪,0,3,22280
周彦辰,1,4,91250
郑建鹏,47,15,19123
赵钶,132,18,29642
张赫宣,2,3,38020
张希,250,26,24245
赵海洋,302,2,171123
纣王老胡,193,1,107277
郑钧,5,3,106931
赵照,111,16,101318
钟立风,25,2,38332
赵传,5,5,77780
郑源,1,9,46396
知性的小方块,51,60,68347
赵烁,346,56,25604
中华,2,29,12000
赵泳鑫,30,13,31730
左小祖咒,669,37,281156
赵鹏,211,21,82625
张宇桦,15,17,9924
泽亦龙,9,13,1212
张过年,17,5,13318
赵英俊,6,18,38873
张磊,0,11,32686
周云蓬,0,5,326
祝贺,13,4,9161
张洪量,0,2,3331
张静波,28,26,4925
张奕轩,0,4,6025
郑冰冰,1021,608,9009
张阳阳,2,4,7103
Q.luv,117,24,13889
朱强,1,3,4118
翟,219,55,7191
郑子威,130,4,50804
张晏铭,47,0,17175
张力夫,68,360,8756
张渠,21,3,15592
张思桐,81,7,765
詹昊晁,57,9,4723
赵鑫,1,4,978
张尧,69,4,17510
王以太,19,17,279985
徐秉龙,89,10,1003240
毛不易,11,4,1415331
艾热,9,80,310672
张紫豪,2,8,82617
李佳隆,17,54,175819
沈以诚,205,58,631802
徐梦圆,559,65,1787597
马良,24,14,177834
ICE,11,1,102497
李袁杰,2,17,87184
Tizzy T,18,0,756075
孟凡明,38,58,130609
$唐老师,17,27,52287
Wya乌鸦,3,42,10555
情词尧,16,5,9741
Ayo97,24,106,59040
蔡徐坤,1,4,881258
功夫胖KungFuPen,306,1,67316
暗杠,115,4,382114
钱正昊,2,4,119070
焦迈奇,135,27,406983
广东雨神,0,4,124008
张雪飞,89,121,71748
小峰峰,2,1,18430
PRC 巴音汗,20,14,195373
BLOWFEVER,0,3,51186
苏天伦,6,31,27654
排骨教主,58,1,916246
Lil.Jet,39,91,159450
栗先达,73,44,215619
Cubi,0,20,40739
杨多,35,80,31981
虎二,10,5,181519
齐一,146,0,202621
刘莱斯,37,23,69634
隔壁老樊,13,0,450580
寅子,1,3,42836
徐真真,79,12,89149
接个吻，开一枪,41,1621,348348
前男友,57,217,61618
Gibb-Z,27,12,14425
雷智皓,30,10,86167
吕大叶,36,32,56321
刘思鉴,9,26,214182
Al Rocco,40,5,152569
艾福杰尼,11,0,205528
马子林Broma,7,295,8438
Lil-7,42,15,7917
Fi9江澈,71,49,75733
羽肿,7,190,287039
李蚊香,19,32,232132
YKEY,6,20,44925
江辰,3,6,71458
裂天,73,31,110337
JAEFOREAL,70,27,73514
掌嘴,24,9,9914
Todd Li,85,280,127673
吴海啸,50,37,53898
3Bangz,110,55,98565
二狗村高富帅,84,2000,18615
特曼,0,1,241643
胖胖胖,53,18,179052
Red Monkey,16,15,7466
Y U Jay,6,14,23944
留声玩具,210,10,114241
马英伦,138,18,15283
AR（刘夫阳）,35,3,93194
MOMINJAN_ABLIKIM穆明江,130,22,96858
KT,62,49,58705
李迦南Doc,13,113,90279
拖鞋pd,32,15,34389
未来星B3Rich,19,11,26575
DJ-荣大大,17,31,11617
Vk,5,8,490924
张佳伦,20,0,7113
尚先生,294,33,42470
崔开潮,48,0,98419
Buzzy,122,87,77040
方宇杰,9,5,194891
LuckyMaxx,205,78,29092
AirJordy,97,125,7273
王极,43,66,45322
苏亦枫,26,24,15468
allenvee,2,97,26501
AlimjanHasan,39,29,66281
小青龙,4,2,112602
HOPE-T,71,369,218929
黑崎子,72,8,222427
万能青年,8,24,56934
Sand,156,32,45015
艾辰,5,3,502421
青柠,5,0,35612
英镑,6,12,11850
Jiaye,262,394,42088
阿肆,33,2,498246
Aki阿杰,111,12,315214
阿细,179,4,264245
阿兰,17,3,62523
安九,6,5,6161
安悦溪,1,2,45799
艾怡良,23,4,21573
安蕾尔,6,2,6524
ARIS,12,0,7653
艾菲,3,3,2317
阿木宇梅,0,6,499
爱戴,7,11,1448
叶雨蒙,5,5,77
阿朵,4,4,1817
阿斯根,0,2,978
阿紫酱,2,35,315
艾格,0,9,79
奥云格日乐,63,38,362
艾丽雅,0,2,449
阿妍,64,23,934
Anna Liu,10,17,400
ASUKA,330,90,2217
AlexiskWong,0,12,55
安顺雨,9,11,55
艾梦萌,1,5,789
安娜,2,3,110
阿爆,0,2,386
AGG,0,9,1611
艾美琦,0,5,24
不才,46,14,459453
Britneylee小暖,44,28,13165
包包.suyi,1,14,7836
北岛诗,4,10,32106
白雪,26,10,1940
冰冰超人,9,9,22978
白若溪,7,14,38552
白云,123,61,9730
毕夏,8,0,4145
博嫣在旅行,0,2,134
白桦树娃娃,170,138,6891
半刃初蓝,0,0,1074
卜小可,51,163,515
Bella,19,2,2815
贝影,2,5,47
包晗言,0,2,118
BING,0,4,49
千幻入梦,55,15,128
bq就是BQ,4,3,14
陈粒,91,1,2309079
蔡健雅,0,3,799873
曾惜,92,25,37031
岑宁儿,12,3,85303
陈绮贞,3,4,335456
陈芳语,4,3,34353
陈秋含,18,6,11921
程璧,137,0,297372
CRITTY,16,10,73597
曹方,11,0,106900
茶理理,28,8,353199
崔子格,26,46,103811
陈小熊,33,0,80809
崔天琪,0,0,13716
蔡淳佳,0,4,35864
陈嘉桦,0,4,13047
陈瑞,0,2,37035
陈梓童,3,8,24523
陈珊妮,9,3,54436
陈明,5,10,22976
凑诗,5,7,18430
陈韵若,0,4,969
陈每文,7,8,588
池年,64,19,13416
陈姿彤,7,14,5415
曾婕Joey.Z,62,43,6327
曾之乔,0,4,4938
常静,0,4,26732
曾小Cee,8,65,2844
陈思诺,6,3,884
王熠熠,30,20,2333
柠露,160,27,35907
蔡佩轩(Ariel Tsai),11,1,1101
陈嬛,0,2,1339
穿越君,6,11,5233
陈娟儿,0,0,1355
曾大块儿,0,28,655
醋米,1,2,1338
YEHAIYAHAN,4,19,5201
曾楠,164,55,6277
陈小硕,0,5,1277
戴佩妮,26,6,436503
杜婧荧,38,18,16800
窦佳嫄,11,4,900
DJ Soviet,335,1157,32117
丁薇,32,0,13212
段丽阳,6,7,1568
丁爽,0,2,1438
Doris小武,187,39,6121
大包子Dabozz,5,17,26871
豆子糖,30,39,12905
段林希,3,6,7017
丹巴旺姆,15,0,6032
带泪的鱼,3,24,1518
黛米,17,25,1729
丹Sir,0,5,2452
单夕,4,8,545
邓文怡,19,3,1832
董雪婷,0,3,452
丁酉酉,0,6,301
单丹,0,3,83
二珂,17,4,818537
二嘉,20,43,404416
二直,29,42,1880
贰鱼,6,14,452
Elle Qu,18,6,1164
二米,8,1,15
冯提莫,54,17,1501000
绯村柯北,66,24,37086
千界,31,24,16201
方糖泡泡,47,313,17652
范媛媛,1,1,6792
冯佳琪,1,6,829
Faye 飞,1,4,15030
方圆,0,0,1484
KuRy颜酱,9,25,1127
付春霞,38,8,194
范小蛙,0,6,2614
Fran,109,335,2211
冯圣雅,38,28,959
风中采莲,0,6,481
范小倩,0,10,119
冯丽媛,9,22,481
方琼妮,0,7,21
绯儿,49,4,311
芳蓉,2,4,5
方迩羲,0,7,69
冯家妹,1,2,67
福朵朵与拾荒乐队,0,1,31
fifi,55,25,593
G.E.M.邓紫棋,2,7,1493612
高姗,53,5,45167
过又嘉,14,3,14809
龚淑均,42,19,2029
郭美美,0,11,8757
葛雨晴,13,0,57320
郭燕,1,6,2630
格格,51,13,4463
龚琳娜,7,0,52894
高丽馥,1,5,115
桂雨濛,8,11,3037
郭欣桐,1,4,208
高晨薇,70,30,2440
乖白,3,1,844
贯诗钦,0,4,250
干露露,4,6,1690
弓秀丽,0,0,277
歌手王可儿,0,2,99
关燕仪,0,6,337
郭一橙,0,1,88
花粥,50,30,2474751
胡66,0,5,141099
何洁,1,0,104237
HITA,28,2,166832
韩红,81,10,135662
黄小琥,2,11,68838
何曼婷,1,4,11344
韩旭,173,60,42033
黄雅莉,0,0,12847
花僮,34,12,6924
黄绮珊,3,3,64585
胡莎莎,1,5,4007
胡艾彤,68,2,19730
黄玠玮 Zooey Wonder,3,3,4851
黄美珍,47,0,2537
灰色,4,6,1404
黄婧,86,160,3614
HAMY何美延,26,20,2895
花玲,2,17,10503
黄英,0,5,1264
胡灵,1,3,1282
AHeeWang,30,24,718
洪辰,28,2,5054
何真真,0,6,5229
胡芳芳,31,4,1639
黄晶,6,4,1658
胡丹丹,0,2,945
蛤小蟆,0,0,4061
何璟昕,148,51,10763
四四,53,35,14069
何艺纱,0,3,584
贺世哲,0,4,180
胡拾梅,6,8,2169
IRiS七叶,21,4,11760
Irina,3,0,113
Aribex,5,31,32
金玟岐,0,3,979580
Jam,21,2,561593
季彦霖,25,17,19898
吉克隽逸,102,2,66059
江映蓉,0,4,1939
蒋瑶佳,13,9,26717
金池,13,25,49582
井宿,662,31,7176
Julia Wu,29,1,22770
JUSF周存,40,6,85318
蒋雪儿,71,6,9168
江一燕,3,3,47350
纪川久,49,3,6713
蒋欣,3,3,6783
寂悸,326,14,3637
蒋道理,8,6,197
涓子,3,4,1154
荆纯,9,13,2242
姜昕,2,11,10125
剪影姐,32,3,8617
靓baby,0,2,15
贾孟昕,2,4,1283
九渊,5,12,1324
Jenny伊,0,15,369
简里里,5,23,1280
叶菁菁,33,17,650
括号君,0,0,40619
侃侃,14,1,9237
可歆,0,9,9441
柯子颜,1,1,2966
凯蒂·莉莎,44,59,703
可儿,45,2,203
KAKA,18,1,3214
匡桐菲,0,5,195
KAMA,48,88,10890
科尔薇,156,47,228
可乐就是力量,7,27,87776
孔兰兰,0,3,31
孔宪孜 Kyrie,25,39,235
KinmiDai,0,0,15
康妮啊啊,4,64,243
刘瑞琦,155,4,583638
洛天依,52,4,810036
刘惜君,86,3,230363
泠鸢yousa,34,4,547517
刘柏辛Lexie,65,0,212320
刘珂矣,114,4,275419
乐正绫,0,3,237535
刘增瞳,4,5,21707
雷雨心,52,23,23807
鲁向卉,20,7,32523
林斜阳,147,15,23330
李悦君Ericaceae,24,0,17041
刘力扬,34,2,39822
李玟,1,2,26830
娄艺潇,1,5,179674
刘思涵,16,10,98987
李想Evelyn,156,98,49782
李霄云,88,2,53601
丽江小倩,35,24,37169
林采欣,7,0,6015
刘初寻 (二逗),1,0,12587
龙梅子,0,5,24751
李柏凝,6,0,15737
吕雯,22,10,6659
李鑫玲,21,3,2522
吕蔷Amuyi,21,0,2618
洛萱,1,3,13839
刘丹萌,0,4,4127
林和夜,9,8,13652
李沫萱,21,24,2908
李潇潇,1,30,696
流月,4,0,8207
刘晨熙,7,7,2979
泠风,7,40,2275
刘忻,4,4,37058
凌之轩,14,0,4479
刘惠美,15,0,537
雷佳,0,3,9563
李尤,39,2,198
林允,0,3,1152
李佳璐,0,7,816
毛衍七Vava,10,2,243653
冥月,76,2,31887
孟庭苇,2,4,92929
梦璟SAYA,18,4,36016
门丽,0,5,3515
末小皮,315,25,22826
梦然,0,0,16288
孟慧圆,22,34,21704
莫安琪AngelMo,45,3,18848
木紫紫,14,9,7445
猫女林,1,5,1836
莫凝,0,18,9674
茉茉天空,35,25,3076
毛泽少,22,2,61389
莫倪moni,7,1,3462
「么凹」,11,7,12970
慕容晓晓,1,3,11236
MusikM,24,73,2147
马马,1,4,1522
米线,0,4,1283
莫籽,6,9,1312
Moe刘玥,0,2,590
马沂茹,2,4,554
麦洁文,0,0,792
马剑芬,0,0,1180
孟楠,0,1,195
梦寒,42,22,2306
沐雪晴,0,0,177
Monica不不,16,36,1663
缦珠莎桦,1,16,249
马璐,9,1,1749
梦柠,5,6,120
么么,8,53,739
马丽,1,0,605
莫君倾,0,3,125
Lonely,789,74,4187
张若萌,0,0,459
纳兰,0,2,1487
NaCl盐,14,2,13841
納蘭落雪,270,91,1687
鸟爷ToriSama,1,22,2743
牛奶白,34,5,1153
娜宝儿,1,0,2171
妮那（Nena）,1,2,1205
ambernini,58,37,188
念蓁,3,34,152
诺尔曼,6,7,1718
Nona_Q,1,19,181
Nangolie,0,1,31
年姐儿,41,10,1472
过气小牛奶,4,1,437
匿名情书,0,0,38
牛牛,0,5,219
南玎NAFISA,4,0,261
Nicole,0,3,34
Nop,1,3,55
Olivia Ong,0,4,48910
only胡迪,1,6,25
loser_XC,0,2,24
OnPound,0,3,14
彭佳慧,1,1,41331
Pig小优,15,12,22128
潘紫妍,3,0,1768
彭青,2,56,4028
Padalecki小明,39,32,3287
破音,0,2,1938
潘辰,3,4,5768
潘虹樾,0,5,112
彭筝,0,2,967
PINAR,8,10,1433
潘小芬,0,8,327
PYC,19,6,18
彭琦,0,6,10
彭雪,1,6,728
杨青P.A.M,7,22,50
佩希,0,0,32
Proud Queen,91,53,234
秋仁,19,26,72062
祈Inory,24,0,128668
清弄,29,5,26416
庆庆,207,98,38272
晴愔,7,36,19611
齐栾,23,1,14226
圈9,13,26,82882
祁紫檀,118,5,32365
秦岚,1,11,7634
秦洋,67,10,19798
倾夜,9,34,2165
卿卓茜 ,10,28,2215
秦兽,209,183,2800
青子,3,27,813
PEACHYOI,108,40,4600
齐雅,0,4,70
邱斯琛,1,0,18
轻檐,6,0,106
圈Etta,38,49,218
曲言,16,4,357
七街小屋,1,7,98
任然,52,9,748115
任家萱,1,4,9523
Rita黄汐源,27,10,24508
Ramila_Rozimamat,22,109,26189
若紫鸢,0,0,263
Riyo橙,21,17,557
阮妍霏,0,0,235
任舒瞳,6,19,2464
REI泠千夜,19,44,150
renyi,116,451,221
Rachel Chang,31,40,63
芮甜甜,0,2,311
riza,35,48,89
任施思,0,4,17
任金燚,0,7,38
萨顶顶,13,5,103911
三无MarBlue,63,0,608951
孙露,22,3,167335
少年霜,218,15,94308
少司命,3,7,253906
司夏,1,0,76508
苏运莹,1,4,16465
邵夷贝,15,0,65547
Serrini莎妮妮,56,2,58264
尚雯婕,35,2,1703963
苏妙玲,2,3,10686
苏仨,2,7,80738
孙悦,17,8,34086
苏勒亚其其格,0,4,966
山猫,0,10,5708
斯琴高丽,78,19,206033
孙艺程,1,8,381
苏丹,17,16,853
Shawee,9,3,7412
斯琴格日乐,2,4,4244
十三妹,26,5,16442
索朗旺姆,1,2,1840
珊瑚,0,5,272
宋梓欣,0,3,403
沈曼,0,2,241
田馥甄,7,4,709530
谭维维,5,15,296935
兔裹煎蛋卷,10,13,59220
Tacke竹桑,37,4,71236
檀烧,13,5,20157
昙骨,22,13,6265
唐宁,286,6,51623
徒有琴,46,5,13464
唐古,0,8,9014
Tie Yann（铁阳）,3,2,7349
兔子牙,51,9,76913
佟妍,48,2,3504
唐笑,3,9,15477
童文沁,1,5,351
唐妍,4,1,91
田子晴,1,5,537
陶格斯,2,6,50
Afra Cheng,5,30,69
Vinida (万妮达),28,2,256961
ViVi,0,3,39
VIVI,1,5,514
王大毛,17,6,63175
卫兰,1,3,159077
王若琳,3,3,260340
王理文,3,6,4247
王梓钰,60,59,68513
魏新雨,4,2,22824
王诗安,22,2,99208
魏如萱,17,2,79142
王天戈,17,3,7454
王俊琪,28,12,7029
乌兰托娅,5,8,31467
乌兰图雅,0,0,31591
王呈章,4,4,6628
米雅,15,1,12473
王筝,2,14,45977
吴映洁,67,2,16863
汪睿,0,8,6926
王珞丹,25,3,43898
王蓉,0,2,14760
魏佳艺,0,4,1152
文慧如,0,4,10352
惟安娜Vienna,23,18,12140
王麟,6,3,8077
吴莫愁,6,3,305365
魏小也,0,4,45
微笑,2,5,2396
王冰洋,3,3,2107
魏瑾,0,9,2794
魏雪漫,2,4,29716
王韵壹,10,5,195977
网易云音乐,11566,412,99999
王珮瑜,1,0,27506
吴文煜,0,4,451
汪源,3,5,3708
王璐岢,1,2,493
王瑞淇,3,3,11371
吴琼,0,7,2952
王一鸣Iris,4,4,3533
王亚男,11,57,787
王胜男,65,0,35958
吴汶芳,7,3,4343
徐佳莹,2,3,510133
谢春花,24,0,1079441
谢安琪,0,0,218744
玄觞,92,7,404995
徐薇,65,52,202066
薛明媛,51,18,120198
许飞,21,12,143662
许茹芸,18,6,44833
弦子,14,12,58817
许亚童,17,21,17223
许多葵,5,7,26424
小爱的妈,36,10,73962
星尘,0,6,11682
夏婉安,3,0,9248
香香,5,3,3855
徐千雅,14,3,15719
萧潇,2,1,2525
萱萱,0,0,775
心然,83,30,24003
嫌弃,5,10,8258
夏凌兮,8,5,2883
徐菲,126,5,7117
夏羚雅,24,22,5743
徐歌阳,8,48,20437
黄小岛,598,118,10629
小鱼萝莉,14,8,4744
谢容儿,25,6,4636
宵上淇 ,10,7,779
悬铃木,3,17,3317
想想,17,40,940
薛晓枫,4,5,595
雪无影,36,57,3130
希小宝,1,5,674
西柚,3,13,35325
夏铜子,28,12,2844
夏一可,4,4,33567
小冰,14,2,38889
小不点,121,177,194
谢丹,0,4,298
徐海榕,2,6,180
银临,64,14,817909
袁娅维,53,16,203721
于果,2,0,45124
云の泣,6,15,152783
郁可唯,12,4,93784
言和,0,3,184402
燕池,3,0,230811
姚贝娜,2,8,204147
叶里,101,8,58428
杨钰莹,0,0,35992
于小冉,1,10,3033
应嘉俐,1,10,1603
叶蓓,504,20,222240
云菲菲,0,2,15699
云朵,1,15,27285
印子月,0,3,9836
叶炫清,0,3,64344
阎奕格,0,4,2889
玥霖Gabrielle,65,8,32607
尹姝贻,1,7,5822
樱九,41,15,16302
叶齐心,0,36,804
唐媛【汤圆】,117,85,7358
伊晗,4,6,1636
闫月,131,16,6490
Y兔-吴雪瑶,8,18,1059
于冬然,1,11,311
叶雪如,1,4,413
袁哲,7,4,357
袁姗姗,2,0,3079
袁惜君,0,3,419
杨一歌,25,3,5833
袁莉媛,10,10,1285
严晴,152,28,6335
姚雪,10,5,1972
周笔畅,49,0,145658
张惠妹,1,10,511481
张碧晨,1,0,580622
曾轶可,9,0,184356
赵方婧,313,64,183019
张玮伽,18,9,16006
祖娅纳惜,15,4,153707
张叶蕾,78,12,21206
朱婧汐JING,3,0,65295
庄心妍,11,5,301880
左颜,4,0,51245
只有影子,19,13,15474
张玉华,0,3,11260
周玥,65,18,142193
子弥,6,7,33447
张三弥,80,0,39831
张蔷,3,0,31242
周蕙,1,4,16470
Joyce Jang,323,47,5227
周桃桃,0,4,1372
钟声,82,34,9076
张乐,16,3,13619
郑晓填,19,12,2525
周子琰,77,15,227557
Laxy,7,5,2081
张瑶,20,14,8097
卓卓玛,0,2,2877
周芷莹,0,2,1635
赵大格,0,2,1947
郑茜匀,0,2,182
张蕙兰,1,0,3584
朱哲琴,5,6,21093
周楠,7,5,197
张怡诺,2,4,140
张贝贝,10,7,2722
王贰浪,30,20,1122168
双笙,30,19,2304942
木小雅,109,26,227813
买辣椒也用券,250,101,412285
阿涵,5,12,143931
封茗囧菌,24,10,1038412
AY楊佬叁,25,80,535432
凯瑟喵,138,21,236576
锦零,14,1,408427
李瑨瑶,81,62,149589
陈雪凝,28,0,418771
曲肖冰,7,2,118081
漆柚,228,79,193012
鞠文娴,62,8,38969
杨梓琪呀,4,3,48005
宇西,17,14,271831
周星星,0,4,139116
陈壹千,11,12,192611
桃十五,8,2,88792
李上安,155,25,68869
麦小兜,7,0,199231
菌菌酱,42,62,4984
Akie秋绘,32,43,261348
NINEONE,10,29,131234
阮豆,22,47,147326
习谱予,323,10,124251
以冬,3,10,468872
CANNIE(晴子),279,118,91949
李哈哈,6,4,28640
小时,119,68,57942
祖小双儿,4,3,15893
卫彬月,44,38,45986
李佳思,31,24,47024
阿冷,2,2,209832
野小马,20,8,101895
龚子婕JessieG,39,8,49232
齐悦,17,64,9407
徐海俏,69,35,96880
果妹,14,97,14983
Biscuits,31,46,49623
Quinn葵因,29,1,38456
程嘉敏,34,0,209966
愚青,131,11,102708
黑猫,6,11,117960
丁芙妮,21,2,47530
亮声open,147,2,212173
孟大C,32,14,15483
谣君,28,56,35968
Hero-R,5,6,20799
ZER0,84,95,15617
洛尘鞅_vvv,34,8,35117
郁欢,14,0,110863
kidult.,166,1,18811
夏璃夜,81,55,57991
千月兔,157,99,44189
南偿,34,31,19595
程思佳,32,18,8920
苏诗丁,42,29,52355
颜妹,29,60,11834
李诗萱,3,4,6925
小白羊HUSH,20,58,20321
千秋雪Candaramsi,14,65,1668
王金金,11,3,13425
大笑,1,0,66228
紫堂宿,27,25,5102
王欣宇,40,20,79845
倪莫问,46,18,224311
苑笙,1,14,15436
张罐子,365,5,29692
河豚,74,16,13472
傅酥,12,23,4262
黄诗扶,25,9,44936
居里里,91,43,55081
李惠芹,4,20,3688
蜡笔大Boom,38,58,6280
kie音乐,0,4,24052
欧阳耀莹,43,9,15391
Y.A,83,57,24694
阿泱,19,7,84261
执纸大魔王,45,85,56675
MoreanP,26,90,32652
林嘉莹,50,8,97676
熙er,2,0,55598
方拾贰,413,10,35046
初夏小溪,295,98,14729
芝麻Mochi,19,30,54297
海草,2,11,1309
李贰叁,22,34,2108
纳豆,2,8,159587
小嘉玲,49,32,5379
喵酱mio,10,7,2720
阿颖不说话,12,31,32338
苗田雨,4,15,5156
木秦,19,7,75433
熊子,26,17,57082
不萝,8,12,12269
蓝褶,10,30,14587
兰芽yaya,28,11,4610
柚子茶,16,1,40895
匀子,230,38,8831
ANU,67,18,75018
ATM顶级玩家,4,1,28149
安图声乐队 ,0,3,7975
爱朵女孩,0,6,707
A公馆,55,23,4548
阿吉太组合,10,5,4712
AK(AK47)乐队,6,3,4249
安妮朵拉,0,2,978
ATF,65,39,14300
阿基耐,4,5,1215
AOA组合,0,9,15753
安达组合,2,0,2624
AvTProject,0,10,128
AmaO,3,262,3215
奥利,1,3,81
SHEKHINAH | 安娜与陈飙,137,36,965
ATBT,4,6,154
Anonymous Annoyance,0,6,27
Aurora Record,0,0,70
戴盡欢,8,69,2041
越轨,20,5,225
Azure,0,3,20
Ascension Music Group,0,6,30
Asymmetry,0,0,134
ShitheaD,8,59,66
a tempo group,0,2,39
布衣乐队,606,8,74137
Bad Blood,33,7,3209
伯村清唱团,1,5,8889
BEJ48,4,2,8076
白噪音乐队,34,5,14393
薄荷映像,0,0,1234
驳倒乐队,49,16,8731
布皮树,16,1645,3353
暴走蜗牛乐队,81,53,3258
Baby Formula,0,0,841
Before the Sunrise,10,6,2513
板砖樂隊,4,6,3710
极战,70,0,962
Blacklist黑名单,0,1,1067
冰火组合,1,3,41
败犬,0,5,399
Babel Records,56,15,1007
变色蝴蝶,2,2,842
Blaster,9,4,162
边际自由,76,13,598
北树乐队,0,7,243
Burnmark,0,3,368
不复之血,22,28,208
不是乐队,8,25,158
爆竹乐队,3,6,249
CNBALLER,25,7,30917
C-BLOCK,4,8,182763
茶小姐和熊先生,80,8,27382
草东没有派对,0,0,228508
Calculasian,7,2,13935
刺猬,1,11,5977
茶凉粉乐队,73,7,5666
晨曦光廊,17,6,11810
Chinese Football,112,3,15418
C.T.O,0,3,2370
痴人,8,13,2765
超级市场,0,0,9453
CEM Records,119,53,5866
重塑雕像的权利,58,2,17888
Casino Demon,101,3,5314
赤褐色,63,12,4710
脆乐团,1,5,1369
仓买,227,157,2093
草原兄妹,12,29,357
Chosen one乐队,0,4,99
耻骨乐队,34,26,631
CollisionDreamer冲撞梦想家,178,725,2567
CORE ONE,5,3,9311
吹波糖,5,19,1483
Chochukmo,2,2,3011
Cosmic Child,0,4,168
CMCB,4,2,1162
炽潮,0,5,60
CS晨悠,0,0,2118
Close To Abyss,19,30,1033
艺海鑫宇,1,2,92
CCOMSyntonia阿卡贝拉人声社团,24,16,329
海德汉斯组,2,27,178
冲击力乐队,42,4,805
MESS（迈斯乐队）,16,46,71
Chaos Mind,4,2,262
丢火车,81,4,218160
大乔小乔,195,32,62581
动力火车,0,4,38449
打扰一下乐团,17,0,83868
岛屿心情,2,0,30447
爱星人,11,10,10167
Deca Joins,10,4,32836
低苦艾,63,3,43253
大贺兄弟,0,4,228
Days,744,37,17005
大庆小芳,2,4,3847
DSPS,4,6,3443
DANK,42,4,3212
渡鸦,2,0,1405
颠覆M,3,2,4004
第八音符,0,10,355
大波浪,0,1,8950
冻结土壤,1,6,47
DA BANG,0,2,3284
大象体操,52,2,9097
DeepMountains深山,154,77,5759
但丁之舟,6,7,6671
大卫之声音乐事工,81,120,1480
Digital Beats,1,11,49
大悲,6,20,916
DREAMIX,0,2,164
堕天乐队,0,1,827
电解质,163,507,1491
大魔王,0,25,293
DDM,2,18,236
米西音乐,7,10,37
Dead Narcissus,30,0,518
DreamKi,5,0,220
耳光乐队,78,5,26081
Elenore埃莉诺乐队,118,27,6106
上海 Echo 合唱团,12,11,3252
恩上恩组合歌唱乐团,0,1,668
Explosicum,6,8,911
F-FAX,2,50,101
EsregBug也色若,0,1,48
earlybus,0,1,89
儿童医院乐队,2,8,91
Easy Rider 逍遥骑士,11,6,326
房东的猫,44,18,1516826
F.I.R.,1,0,160772
凤凰传奇,1,14,82526
F.Be.I,0,4,46950
反光镜,8,0,45294
翻糖乐队,31,3,3697
Freedom Plant Music,4,10,6399
风见学园蔚蓝组,2,3,463
Frandé,113,25,16263
发条卡目索,9,4,2939
非樂原创音乐工作室 ,3,8,1442
废墟乐队,1,2,1640
Fayzz,9,0,1276
Forget And Forgive,3,6,1958
Acrush,0,9,2690
饭谜力,26,14,145
非鱼乐队,3,3,1253
FORESTS森林,0,3,1265
繁世樱落,0,4,114
fresh极客少年团,0,2,2604
FI鳗鱼同学,0,4,84
From The Red,0,4,228
飞石号,2,4,61
废埕乐团,2,5,286
疯医,10,5,1205
发条傀儡,1,0,204
Final Tunes,1,5,165
芙蓉帐暖夜笙歌,42,23,616
反调乐队,3,56,440
Force Defender（坚定捍卫乐队）,0,3,125
Gosh Music,53,0,87064
GALA,17,12,238871
果味VC,548,142,31964
Glow Curve,38,6,12597
赣斯特G $wag,13,17,740
Groovemiki,1,0,552
钢心,1,0,2618
鬼否,9,0,4459
醒山工作室,78,28,356
过失,0,0,482
歌舞姬乐队,17,0,598
光速飞行,20,55,880
GoaProductions,0,3,402
贵族乐队,5,5,215
Gryphin,91,17,781
孤独骑士乐队,0,10,124
莞城仔,0,2,94
光音乐团,2,2,290
高速轨道,541,46,484
gabykids,0,25,89
羔羊的葬礼乐队,0,4,60
改造人,0,19,15
GLAX,8,23,56
Generation,12,6,156
好妹妹,97,10,2157339
海龟先生,0,1,137011
黑豹乐队,2,7,62002
黑鸭子,0,2,27946
后海大鲨鱼,28,0,115901
Hello Nico,74,31,70298
Hope组合,0,3,2558
幻境工场童声合唱团,1,4,4117
HAYA乐团,0,18,25690
黑薄荷乐队,56,4,10162
火星电台,2,12,11491
HIT-5,0,7,10071
大龙小龙DLXL,6,11,1034
昏鸦,20,5,5669
FREEHAND,21,15,1713
琥珀,51,2,5155
嘿！！！,8,8,1554
Hang On The Box 挂在盒子上,99,42,1633
荷尔蒙小姐,5,8,1667
海朋森,1,1,2601
Favours!,18,0,1637
红色浆果,0,3,167
弘诺方舟,2,5,263
黄灯车库,7,4,523
Hyaline Gap,4,17,401
很大胃,1,1,108
黑白格,0,3,43
坏哥哥大乐队,375,61,922
赫和美罗,1,18,114
黑戒,2,27,395
IDOL SCHOOL,1,0,1023
ICE MOON,0,1,371
IP9,2,1,169
Into the sky,1,2,72
讲者,80,33,20393
觉醒之心,49,91,14475
潜水大象,11,2,1273
江城原创音乐团队,28,8,3510
简迷离GEMINI,145,9,18009
基诺,12,5,7896
机械懒猫,53,13,1066
Jeremiad Always Twinge HuaBai,51,23,1219
鲸鱼岛乐队,94,32,8701
寂寞.夏.日,5,1,1354
加减乘除,35,5,2300
敬拜之声,12,7,543
惊林 ,0,1,891
教父乐队,30,8,846
节奏旅行家,20,28,373
惊叫基督,0,2,1722
激肤乐团,1,0,398
蒋亮的声音系统,4,1,647
江河乐队,14,7,130
加减乐队,4,5,327
记忆的盒子,15,61,917
嘉宾乐队,0,0,31
胶壳,4,3,12
就这样乐队,1,1,26
MP记忆碎片,1,12,264
卡奇社,3,6,26013
Kolor,13,9,4856
Kawa,20,1,8123
康姆士,39,35,6917
KingStar,7,13,3093
咖啡因乐队,3,0,5640
康士坦的变化球,0,4,1955
咖啡与猫,0,21,97
KID PUNK,250,549,732
扣弦,5,0,507
空气墙,1,6,164
康熙,0,2,84
骷髅头,0,3,11
英雄联盟,1,3,285369
乐华七子NEXT,5,0,355526
龙井说唱,88,11,104552
旅行团,80,0,73828
LOKEY低调组合,0,5,34216
棱镜,53,5,13539
零点乐队,0,3,21554
理想后花园,72,18,13615
龍胆紫/PurpleSoul,0,0,36984
鸾凤鸣原创音乐团队,7,5,28943
浪荡绅士,2,9,4400
兰眼睛女子乐团,14,5,476
六个国王,31,85,6115
L1STALLDO(厘思翱渡),447,345,6326
兰亭,4,9,3759
Lost Team,62,18,4093
Lilith乐队,0,0,1737
爻-梁颖,0,8,306
冷冻街,2,2,3324
Logic Loc,73,92,1350
Lunar组合,0,4,839
聆古遗韵音乐团队,11,28,1159
龙锦,608,173,3139
Lamplighters,3,7,3015
Los Crasher,96,15,4517
零壹乐队,13,1,5657
Light说唱组合,9,2,823
良人乐团,418,21,949
冷酷仙境,1,0,1363
六弦诗,1,0,13
LTN乐队,55,499,486
乱战门,4,0,1532
琅琊阁,0,3,405
逻辑失控,0,0,1077
雷米乐队,40,10,384
浪,0,0,731
旅行者,4,15,36
猎魔人乐队,4,0,1025
六道母Luktomo,119,3,1197
懒猫乐队,29,70,302
楼兰盒子乐队,3,1,374
蓝狮爵士摇滚乐团,0,0,54
ThePisces双鱼乐团,21,6,397
力量之声 (Vocal Force),0,4,69
摩登兄弟,0,3,451559
满汉全席,17,1,771658
墨明棋妙,1,4,156455
MissMass,0,2,2601
门虫,37,6,5123
MIC男团,1,12,50174
马赛克,10,0,24243
秘密後院,93,309,27401
萌萌哒天团,0,0,42407
蜜糖先生,45,2,2203
MINSTA,4,12,7630
Mr. Miss,37,2,17991
麻园诗人,80,16,13322
玛雅,46,5,8474
MR-X,0,4,15791
梅卡德尔,122,1163,8235
MusicLoop扭蛋音乐,37,12,2095
GMRemix,3,9,3637
面孔乐队,0,6,3971
马斯卡乐团,3,3,6172
玫瑰木子弹,45,2,9646
Mr.钛戈,12,5,2683
蜜蜂少女队,0,4,2485
迷音Los音乐团队,3,10,1054
不优雅先生(Mr.Graceless),304,32,5908
悶餅,34,84,2331
MERA,45,3,5807
Monster KaR,264,3,3546
蘑菇兄弟,3,15,601
Manic Sheep,0,2,720
弥藏,10,4,1701
MusicFrog青蛙合唱团,3,6,685
梦灵,47,2,1593
马小野乐队,11,13,92
庙乐队,32,33,833
冥界,1,1,329
Multi-Ego 猫踢狗 乐队,6,0,2659
Modern Children,6,2,166
米次方,4,11,166
秘密行动,53,21,3729
梦乐团,0,0,352
马帮乐队,11,1,582
麦组合,14,7,232
MisterLady,5,6,118
暮色绽放,11,7,894
南征北战NZBZ,2,0,361155
牛奶咖啡,344,22,222647
扭曲机器,1,0,33401
南无,27,4,21781
脑浊乐队,4,9,20435
南瓜妮歌迷俱乐部,5,7,2215
南二巷乐队,0,1,1276
幻華楽,10,114,1989
NINETYNINE 99乐团,3,2,5313
南方二重唱,3,7,9493
逆耳,3,1,5737
南方小镇,7,20,1159
女孩与机器人,0,3,529
南希乐团,7,1,23
暖乐团,0,2,41
Nower诺尔乐队,73,23,1036
Namigirl,0,5,23
Never Before,1,3,325
鸟撞,0,4,99
南十方乐队,1,2,151
喃乐队,0,1,69
宁夏制造,0,5,182
妮可酱,0,3,42
南域之声,78,102,316
南北方舟,0,2,61
NOSENSE无感觉,1,37,18
Odd Couple怪鸳鸯,0,42,2676
oNEwAY,78,4,665
Old Doll乐队,16,18,656
OOC控制之外,23,3,663
OLDWELL,5,23,90
One More,0,2,38
OVDS,0,3,27
霹雳布袋戏,2,3,43273
盘尼西林,176,5,84159
坡上村,137,150,14448
平纱落雁音乐团队,28,44,27456
PANDA组合,17,13,1249
葡萄不愤怒,105,4,9365
Popu Lady,0,4,1379
飘乐队,209,159,8884
P.K.14,1,0,1592
喷嘭乐团,0,3,2983
pentatonic,1366,24,8063
Project Ace,0,2,2792
PUD MUSIC,303,4,1140
PUNKHOO,1,0,396
PNC说唱,1,2,993
Parasitic-Eve,24,57,632
皮痛,1,19,464
Pink Chimneys乐团,0,2,297
Pyroglyphix圣火令,2,2,81
啤酒车,1,3,14
Peter Fish,14,33,172
ProgressiveDigitalStation,5,70,269
Power Milk,0,1,72
配位体乐队,1,9,64
林涧,180,258,114
PRCrew,0,33,63
Pink Berry 品客暴力,0,2,29
PSYCHO SKULL 疯髅,16,102,26
茄子蛋,0,5,41459
七朵组合,97,5,68776
青春美少女,29,3,1499
Quark,0,11,6179
青年小伙子,5,4,2452
秋天的虫子,0,6,715
七音盒,13,12,105
潜逃乐队,4,0,330
青春老少年,14,397,170
虔诚之旅,0,11,34
谭心想,1,0,20
奇异果音乐制作团队,0,5,1
RAiNBOW计划,146,13,227269
人衣大人,1,2,76589
热斑乐队,114,7,9857
ReDor锐豆乐队,20,4,3952
Running Blue,27,5,881
人声兄弟,0,4,80
RCVO粤语配音组,27,22,2101
Romantic Fear,18,27,346
燃烧青春乐队,0,4,71
Rainbow street,0,2,24
Red Road,212,131,323
Riven乐队,1,19,294
Return The Truth,0,8,61
Soler,103,2,81992
SNH48,187,4,134801
SING女团,1,2,69249
树屋女孩,54,66,11383
四枝筆 Four Pens,4,4,2606
时光胶囊,59,13,16101
Supper Moment,1,2,15059
Six City,23,15,21418
孙无忧,5,0,12753
树子,122,155,3333
神马乐团,0,3,3249
SWIN,6,12,27847
丝绒公路,15,1,12528
山人乐队,0,3,10394
肆囍乐队,209,1,24594
声音碎片乐队,38,0,16293
甜約翰 Sweet John,52,15,10072
Show Me The Party,40,50,1527
舌头,2,1,23085
声音玩具,4,3,8498
时过夏末,29,35,8048
释魂乐队（Soul Liberty）,129,6,3624
AllenJ,18,135,7812
霜冻前夜,12,2,7007
闪星Twinkle Star,35,0,4783
刘冬虹与沙子乐队,0,2,2618
上海交响乐团,3,9,4274
T2o,12,3,10902
Schoolgirl byebye,1,0,3554
水怕,0,6,154
三藏梵音,4,5,2387
伤心欲绝,0,6,2813
Smooka,24,4,1560
守麦,120,82,3639
BuYuK团体,404,91,1489
水母乐队,8,21,841
Summer Sunshine,2,3,1110
Soulspeak,0,2,2285
三维鱼,29,35,2912
声体乐团,27,15,341
羊秘密,50,1,2301
S-AK,1,11,272
逃跑计划,6,3,284711
痛仰乐队,19,0,235625
TFBOYS,3,3,449590
土不叔叔乐队,23,91,29355
阿修罗,208,79,6626
天堂乐队,138,8,11468
TONICK,3,2,4083
藤乐队,36,45,10262
太阳部落,2,5,851
铁风筝,108,82,11025
童党乐队Children party,75,11,3164
The 3day,0,0,1087
TINGSHIGHUCH,22,28,3390
the Flow Theory乐队,2,3,221
偷喜办,2,0,2656
天空乐队,14,191,1100
听雪阁,2,6,580
T.O.B戏子,7,24,804
The Will On Kill,5,4,1612
Deep Green Sea,2,381,161
DJ Zacco,15,73,673
法兹乐队 FAZI,39,0,2497
Thud,1,5,269
THE KEY,165,15,1397
糖心少女组,0,2,24
铁树兰乐队,0,0,1111
唐人街乐队,27,6,708
蜜桃乐队,0,4,1958
Team Spark,14,0,810
特殊任务乐队,31,1,521
The Bright Lights,0,0,298
天行健乐队,2,1,468
铁击,18,35,148
大主宰乐团TheMaster,0,3,2382
推,8,27,909
塔罗乐团,0,3,58
太空漂移,82,88,433
TheProzaX百忧解乐队,9,3,689
UNIQ,0,0,35181
UN1组合,30,5,7055
U180,93,28,1837
U.TA,0,5,272
uncle2,24,19,7307
Vanguard Sound,11,34,3792
VR-ONE_PLANET,2,9,3774
V7,0,2,189
顽童MJ116,0,4,63715
五条人,27,19,30314
惘闻,186,10,75263
未卜乐队,15,1,2849
雾虹,4,6,6454
萬重乐队,0,0,4240
卧轨的火车（Railway Suicide Train),1,2,14726
未完成乐队,548,29,7537
WAV,80,19,2957
袜子小鸡,267,0,6659
邬先生乐队,2,4,1189
温莎森林,5,2,3062
玩具船长,1,0,2200
微室巨像乐队,35,14,185
无妄合作社,0,4,569
万塘路18号,0,2,667
微乐团,6,2,24
瓦依那,0,2,1136
莴苣先生,11,3,982
伍个火枪手乐队,0,16,579
WhyOceans,6,2,493
威尔先生乐队,25,1,592
悟乐队,0,2,43
微笑公爵乐队,0,7,90
网易CC直播,274,7,4326
The Wasted Years,1,24,447
Whisper Of Tears,3,6,120
我的男同桌,0,23,25
网易音乐人,4282,270,316990
Wanderlust,2,1,259
五音乐队,9,45,52
我爱美女,0,20,66
问乐队,12,84,164
忤逆乐队,0,0,138
顽乐队,0,12,35
乌骨山羊,0,72,146
新乐尘符,52,14,54408
信乐团,5,6,94597
小旭音乐,313,30,46861
夏天播放,38,10,17074
汐音社,107,18,45265
旭日阳刚,0,7,5433
小老虎,237,2,42112
西游乐队,81,1,21993
旋转保龄,14,3,948
小雨乐队,94,4,8567
小舟与旅行者,13,308,6234
仙童,4,1,9843
嘻哈研究生,5,13,1614
雪沉乐队,60,16,6733
新乐府,104,1,15629
小于一,6,32,20619
相对论乐队,2,0,6235
香料,24,6,1878
向日葵乐队,111,359,5351
玄乐队,74,11,1464
星号69,18,5,684
熊猫团PandaBros,49,127,5066
XjMiracle,4,3,17283
戏班,0,4,1427
玄鸟传说,0,0,327
小亮,35,11,251
星球撞树,0,4,911
新香水,2,2,171
显然乐队,4,4,690
小巫师乐队,40,6,2076
熊猫眼乐队,7,129,1973
宣南乐队,0,0,295
小红帽,3,2,543
新干线乐队,212,114,644
VERY FICTION,0,0,39
烟把儿,278,99,121243
羽·泉,41,7,358168
一三,30,2,22797
月之门,88,3,17996
与非门乐队,76,13,15232
Yonder Voice,18,7,19777
永动机,65,1046,25133
野孩子,43,13,33900
衣湿乐队,239,22,31552
Young Time,77,20,5680
液氧罐头,10,3,7510
耀乐团,6,8,9074
玉麟军,0,1,1670
原·味,21,44,4732
yourboyfriendsucks!,2,0,9028
腰乐队,0,2,52810
野外合作社,58,2,8183
夜叉,6,0,5927
郁乐队,2,0,10049
羽果,13,2,797
诱导社,7,31,9925
雲道娱乐,12,11,3974
一指团体Afinger,33,25,21314
夜虎乐队,0,0,12
罂粟花开,0,2,490
李骊歌,304,12,2305
有沐音乐,4,3,197
鱼尾纹,71,11,1784
愚人船,12,119,867
渔圈,2,3,406
吆拐和吗子,4,3,952
源君,10,11,715
谣乐队,7,24,16043
押韵机械人,54,0,902
因可INCHAOS,7,64,1136
严玲严莉,0,4,20
异种,0,4,103
牙龈出血 Gum Bleed,0,1,886
异论,3,0,1278
优雅的迟到者,76,27,1136
至上励合,2,3,73319
展展与罗罗,1,4,45608
张玮玮和郭龙,37,19,48121
左卡,15,1,13818
脏理儿,54,1,9252
左右乐队,59,6,4630
ZingWay,279,1206,5539
正皇旗组合,6,9,1929
指人儿,27,2,12711
重庆孩子,58,4,4419
沼泽,582,0,15952
左安西西,3,5,3236
再循环乐队,104,50,3748
重返袖珍时光,4,3,4301
战斧,2,0,6884
葬尸湖,5,1,10895
窒息乐队,4,2,4000
战旗乐队SULD,0,4,3032
郑知文,2,3,90
周二下午谁没来,0,3,2496
嘴哥乐团,2,12,326
Zaliva-D,0,2,931
紫冥乐队,4,0,1091
ZETA,90,29,297
炙融合乐团,2,8,52
自画像乐队,3,41,346
张荣凯,6,17,1169
炁体源流,16,20,138
子路,0,4,59
再说吧乐队,7,319,70
ZERO,0,6,37
浊乐队,0,92,345
Higher Brothers,0,0,422662
音阙诗听,390,67,572260
鹿先森乐队,65,3,347543
安全着陆,12,10,186606
Gifty,19,27,394492
88rising,14,4,122279
昼夜,128,5,219544
Fine乐团,65,2,213577
不靠谱组合,29,3,112002
HAS,22,5,17308
BRGang,25,21,10981
洛少爷,21,4,227663
橙光音乐,60,64,83071
Maxone,26,73,29342
千坂,48,377,290669
长气制作,2,14,13337
一棵小葱,20,30,27521
PRC,312,57,19616
SevenGurusFamily,0,11,9795
Maxone老虎,36,109,19302
situasian张太郎,208,91,20921
直火帮 Straight Fire Gang,162,96,75574
UP GANG,25,8,6181
A.T.L (Above The Law）,4,13,3027
Meow,6,112,16205
孤矢,9,62,15897
邱有句,12,284,36825
CG,33,12,67659
蓬岛以左煮雪烧茶,31,0,11325
上海彩虹室内合唱团,122,5,251186
Ace组合,70,6,40927
泠鸢yousaの呆萌忆【管理团队】,0,8,12267
MisTer说唱团,243,16,16542
Cyan Lpegd,972,978,21327
O2O偶像男团,33,7,47470
安子与九妹,460,62,65290
Dirty Class,374,45,36121
LJY,176,1036,30017
Republic Army,8,22,3202
弹棉花的GG,94,31,5277
小黄人,56,0,38862
松果日记乐队,173,57,1933
活死人,1,10,24803
RED8红八,11,7,4983
唐朝乐队,6,1,14966
蓝莓味的Dora,10,7,3727
南游记乐队,20,0,14214
厦门六中合唱团,29,36,60264
GumJ,1,11,3198
天府事变CDREV,31,25,52452
Saiakoup,55,1057,8757
GINGA,55,5,15825
三无男孩,12,12,3373
SuperHero,19,36,2336
RESOUND理想人声乐团,19,5,13407
Cgc,260,1915,10318
深蓝儿童,30,8,14822
HeaMusic,4,12,2009
绘师岸田,40,74,7834
3F团音乐社,62,8,6436
BADSIR说唱,18,46,1687
万花筒Artascope,76,6,17624
B.U.TEEN,2,0,3057
自由窝,5,10,1168
SIMBA,4,0,4057
复乐班,130,46,26404
持枪萝莉,3,19,12754
盖世Gas,4,3,565
曲贺,2,1,955
Cre-sc3NT,187,847,12651
耶鸡音乐ChikenpestMusic,39,11,10872
老板娘与酒客,153,10,24580
FLANEUR,99,7,7656
Round_2,28,21,7919
跳大海乐队,14,2,965
POPPING国王,52,97,10042
畸形儿-DeformedBoi,69,89,18760
丹镇北京,4,0,13898
踏云社,16,28,10313
何故乐队,470,97,9937
RoseDoggy,4,52,613
新疆SPEAKER说唱,48,66,8356
T-Tone_小T,1,6,3435
胡婷婷,4,4,17318
REVIVAL MUSIC,235,0,32098
人行道乐队,20,6,5379
时光街乐队,3,2,513
文雀,77,38,51539
929,3,2,3157
警哥组合110,12,21,16087
Anzar,35,9,6303
爱乐汇轻音乐团,13,4,1491
HIGB-海岸音像社,15,7,517
SOLARIS | 娑罗寺,77,1,294
Alan Walker,189,3,2308912
Axero,16,3,169733
Alok,208,5,35239
Alesso,18,5,102823
Armin van Buuren,506,14,156833
ACOT,4,1,15193
Bruno Mars,2,4,850050
bbno$,49,1,68713
Bassjackers,66,10,46314
Bruno Major,3,4,40865
Blasterjaxx,351,17,46072
Borgeous,55,3,11307
Christopher,21,2,205008
Crankdat,0,0,14355
Curbi,47,16,16712
David Guetta,0,3,175884
DJ Snake,253,15,297174
DJ Okawari,110,6,113062
Diplo,124,5,59386
Don Diablo,511,19,182161
Dillon Francis,123,3,22153
DJ Carnage,110,8,14976
Declan Galbraith,0,3,36872
Dannic,342,1,24572
Datsik,30,5,9196
Ed Sheeran,2,2,1455067
Evence,1,8,557
Flo Rida,126,3,141937
Fabian Mazur,9,8,7634
Ferry Corsten,102,3,7403
Florian Picasso,20,3,7821
FTampa,75,10,3639
Garmiani,15,5,14821
Galen Crew,132,4,115251
Gryffin,52,11,10639
Gammer,9,2,9362
GIN,14,5,14764
Gameface,3,4,1843
Hardwell,158,11,207965
Headhunterz,70,8,41262
Honne,1,3,46542
Herobust,62,6,6095
Habstrakt,0,3,4685
ILLENIUM,127,4,98352
Isac Elliot,0,4,1031
James Blunt,1,3,163915
Joji,0,3,17161
John Legend,1,1,92495
Juicy J,123,3,23643
Jay Hardway,397,12,62358
Jauz,184,4,16642
KSHMR,296,12,181865
Kaskade,353,7,52668
Kurt Hugo Schneider,82,5,105300
Kozoro,55,33,20185
Kura,406,11,20749
Lost Frequencies,182,10,87980
Lauv,16,1,258603
Ludovico Einaudi,3,2,114566
Laidback Luke,27,11,11550
Marshmello,289,4,623594
MKJ,0,3,112605
Martin Jensen,229,7,72097
MAKJ,83,7,26611
Maksim Mrvica,1,4,248067
Mike Williams,57,14,53790
Masetti,2,5,32226
Miguel,193,3,24915
MattyB,11,10,28242
Nick Lopez,4,4,8349
NGHTMRE,280,10,34568
NOTD,0,3,2746
Olly Murs,0,3,104777
Ofenbach,1,2,10117
OmenXIII,4,0,39823
Oliver Heldens,255,15,56336
Ookay,204,4,16763
Omi,43,3,9202
OLWIK,166,3,6558
Pegboard Nerds,92,4,40619
Porter Robinson,42,6,12837
Prismo,0,4,4479
Peyman Yazdanian,10,1,4358
Quintino,308,26,54594
R3hab,463,2,363261
Rich Brian,0,4,63936
re:plus,70,17,33225
Rhye,20,4,9374
Robert Falcon,64,8,2396
Steerner,2,3,120794
Steve Aoki,426,22,217121
Slushii,193,4,56880
Sam Feldt,123,11,55427
St.K4N3,40,0,4862
Sean Kingston,92,3,7848
Sikdope,135,4,7271
Shaggy,77,1,6269
Stwo,0,5,1210
Troye Sivan,2,3,1739600
TheFatRat,83,4,448785
Tobu,16,1,367233
Timmy Trumpet,548,15,93300
Tiësto,545,7,234581
Tujamo,317,7,32704
The Workday Release,28,4,24356
Tyler Ward,0,2,22748
Tony Junior,113,15,11370
Thomas Gold,22,4,4927
Tom Swoon,132,7,21110
Ummet Ozcan,17,13,65556
Ulchero,21,24,1070
Wiwek,207,9,21678
Wolfpack,104,9,5490
西原健一郎,189,12,47379
Zeraphym,13,3,80525
Yultron,0,3,3750
Zedd,196,3,426665
San Holo,336,11,55318
Yunomi,2,15,96033
HARIKIRI,17,18,12363
眠,7,58,31373
ゆう十,128,7,204388
AronChupa,4,1,8344
3LAU,209,3,36492
Half-blood Kakashi,25,38,12469
UZ,114,17,7817
おさむらいさん,18,3,59711
Häruki,97,161,2763
电鸟个灯泡,138,78,29744
[.que] 柿本直,34,13,3120
Danny Avila,369,6,21256
蚀血之暗,16,3,3496
Avril Lavigne,0,4,694449
Betty Who,0,4,9162
BikaBreezy,0,4,10304
Charli XCX,22,4,200196
Cajsa Siik,3,13,5629
Dua Lipa,78,3,193612
Elsa Kopf,7,13,16141
Emily Styler,55,6,3845
Emma Stevens,7,5,21063
Evalia,29,0,6840
二宮愛,22,11,2123
Fleurie,4,3,54110
Hafdis Huld,7,14,766
Jasmine Thompson,0,2,87875
Joyce Jonathan,38,4,32690
Kim Taylor,27,6,93127
Karen Souza,17,5,2988
Katie Goes to Tokyo,5,10,1534
Lenka,85,4,242357
Marian Hill,3,3,64234
NIKI,0,4,5284
Rezz,4,5,86825
Rachael Yamagata,41,6,137432
Sophie Francis,172,5,17209
菅原纱由理（THE SxPLAY）,122,4,10793
TSUKINOSORA,5,96,774
VÉRITÉ,1,4,11210
Wisp X,100,8,155356
Allie X,0,3,92636
Sawako碎花,32,76,38537
eddy盖奶,59,66,8016
山竹妹汁,23,55,2569
nin,21,59,8570
兔子啊兔子,15,15,3829
葛八岁,13,38,6781
千鸟鸟,0,54,2651
JurokuNeta.,2,37,3894
栗川舜,78,4,6867
MUE,11,9,390
小亨,27,17,888
AkaneXIii茜,21,20,2151
Zeuko,1,4,1650
Rinana,79,56,3055
passの伤痕,14,5,2734
マグロ鱼酱,59,41,4043
尋音,49,19,4102
KeShi,3,23,1153
眠木亚Minki,53,46,2098
陆陆桑663,1,88,386
雏葵,9,112,2874
熊太kuma,15,52,1639
DIA阿黛,19,41,923
伞妹,56,76,2290
masa鸡,5,47,991
翼と実,54,284,979
芙兰狐,1,13,417
Mes,0,3,1167
华梦娜Monna,3,2,458
MiQ米玖,9,41,687
8Cat,164,542,3295
Saya,95,10,552
奥冉,4,33,886
竹砸就是琪琪,33,27,810
Axwell Λ Ingrosso,169,3,46197
APEK,0,3,2338
Arston,0,3,4019
Adventure Club,0,3,4492
BEAUZ,2,3,13279
Breathe Carolina,356,6,19091
Bingo Players,53,3,9362
Cheat Codes,32,4,39042
CAZZETTE,14,1,3175
Chocolate Puma,111,24,5003
Dreamtale,26,12,33700
Diskord,34,13,1413
Dirtcaps,84,24,5227
evening cinema,1,3,570
Firebeatz,54,6,17385
From Your Balcony,6,6,2213
Flosstradamus,6,5,6652
弗雷德乐队FD5,8,6,5787
GHASTLY,154,4,9826
GEMINI,21,11,2103
Haggard,22,15,14661
Immanu El,2,2,2282
Infected Mushroom,25,6,6883
Juno Reactor,10,3,56
Krewella,233,4,64943
Korpiklaani,1,4,1973
LNY TNZ,36,2,3559
Lamp,25,4,9071
Lost Stories,46,5,6052
Luna Safari,85,15,2548
Leech,23,4,2185
Maroon 5,104,3,1552926
Major Lazer,81,5,65925
Muse,12,3,131632
Mando Diao,18,3,21227
Motorama,0,3,11242
Ogre You Asshole,0,3,2275
Pg.lost,1,0,18269
R. City,40,3,8732
Racoon Racoon,0,3,3224
Rhapsody of Fire,68,13,20276
SeeB,0,3,36823
Showtek,98,8,25234
SAFIA,6,4,4763
SLANDER,294,15,23546
Swedish House Mafia,5,4,15759
Slumberjack,15,4,3368
The Chainsmokers,222,4,1203314
The xx,29,2,132800
Tritonal,292,4,23004
The fin.,4,4,41521
The Glitch Mob,61,5,26562
The Candle Thieves,0,3,5527
Unlike Pluto,36,1,14828
Vicetone,213,9,313456
VINAI,287,7,82721
Vini Vici,134,8,15792
Virus Syndicate,0,4,474
VRWRK,1,8,57
Wolf Alice,0,3,11722
Yellow Claw,333,16,80457
You Me At Six,1,4,1049
Owl City,12,3,323657
Far East Movement,31,11,65810
ミツメ（Mitsume）,9,6,12556
Boombox Cartel,104,8,8394
ETC!ETC!,0,3,1878
Melo lv,19,63,2331
岸部眞明,15,5,125169
北冈健太,4,3,5314
坂本慎太郎,1,7,1713
DECO*27,1,0,72658
HIROOMI TOSAKA,0,3,2582
吉田潔,1,4,12935
Ladybeard,1,6,225
Mu3o,8,119,728
Nomak,11,2,18091
平井 大,33,3,28349
下山亮平,0,5,421
C.A.R.L,308,17,11271
KUCCI,2,36,8284
ビッケブランカ,10,4,5722
Awich,0,5,267
浜崎あゆみ,1,3,170608
Beverly,2,4,5455
宮脇詩音,28,4,11341
Morrie,8,1,16296
青葉市子,4,1,8501
小野リサ,0,0,113060
ZOMBIE-CHANG,3,4,1237
啊晗Britany,18,39,3507
ReDbuff,2,34,4098
凡仔,35,60,12421
Ms.CANG,3,53,1296
布丁丁,36,65,2061
DaHee,34,23,4569
AshleyByun,5,50,2525
阿米丢丢,43,17,6040
NEKO,36,53,2024
ANNI.7,42,52,1075
InusI,303,72,555
陌花冢,43,29,605
SEOLL,7,11,703
奶昔,10,67,2347
西敏,29,54,754
YUKO王,23,17,1260
静静_JiAnee,0,7,1374
CinDy,88,27,1701
斯恩森,10,28,311
BACK-ON,5,4,8782
callme,0,4,418
Do As Infinity,5,3,16191
DYGL,11,8,4183
euphoria,0,0,9048
fripSide,1,1,23170
FAKY,10,5,2539
HOYO-MiX,0,3,1686
lol,0,4,5482
moumoon,6,3,51931
MONO,11,1,29407
project lights,0,2,542
RADWIMPS,5,0,355378
saisa,1,2,3615
Taiko Super Kicks,0,4,189
Yogee New Waves,7,4,7298
シャムキャッツ,0,4,2125
モーニング娘。,0,3,7155
Animenz,24,12,50473
AK,0,5,6002
张正熹 (AZmusic),18,19,1251
ANATOMOD,5,4,389
AHKEXl,55,524,353
Entity 97,46,13,128
AnimaOMG,118,72,337
bahadir,4,97,2721
Cesqeaux,9,1,6139
Eddd,24,181,2260
Chuck Tour,21,157,304
DJ_Kevin,7,18,2131
DJ COMBO,11,6,680
CoolCool小飞,340,243,1950
DJ R-Wan,90,9,608
周诗谋ERICZEEZY,9,0,905
Frankmusik,0,3,547
Fizo Faouez,39,1,638
Folded Dragons ,4,13,8
Gary Azukx Dyson,1,5,54
Ghayrat Mahmut,121,20,12371
ᴛaikon.,36,24,137
H7,1,221,194
HazeCat,9,77,72
Artysta,1,5,257
J. Lisk,6,5,2388
Jesse Cook,8,5,4154
金城,40,19,531
Krono,9,1,558
Kenny.Wang,11,7,1810
Lemonova,181,48,3686
Michael Lee,39,72,2272
MLK麋鹿王国,86,12,5565
MIKVH,1,2,446
Mason,22,8,77
Matt Lucker,13,45,1690
Nehzuil,0,4,105
nemoo,34,76,612
Only Real ,0,2,491
Plastik Funk,0,4,22
Probe,102,71,1628
Qeuyl,1,4,0
Ryzu,0,6,210
Robin Cised Woffis,34,16,152
RIZLA✞,12,251,151
Shaun Gibson,7,1,4608
OceansWhoLied,9,6,955
Shay Legacy,15,2,193
Reasen,32,34,677
Truart,0,5,3
TooHigh,391,175,1877
Ty-Hyun,3,58,48
M R U O,727,13,22484
vDJs,27,38,619
Sound Page,43,24,842
gl_aze,155,257,759
Wayshawn,13,0,54
Yonetro,24,43,2857
杨致焕,0,5,20
杨天光,53,648,1138
Zhouna,290,75,3102
张冠奇,2,1,135
Azricle,115,761,2261
Airic Zen,12,593,1455
FADER ONE,4,8,1097
QCQ official,55,48,1565
SaMZIng,108,228,34480
Laoz G,10,17,4045
YB,9,20,2176
Robins Lu,19,161,9564
Worezh,61,93,18228
YahikoNy,20,8,9926
Marycobi,3,50,1170
4-ever,0,4,2931
Hsing Dykk,2,58,7215
Mirahmat (MiEr-),200,12,8988
YYKBZ,14,20,2134
LGlywww,8,44,13473
$CC731,205,68,2995
鱼洋,15,113,1348
Ty$wae,11,58,1873
DE_SCC,125,184,3213
Skezz Phonic,1,6,2855
CALE,81,50,1422
Wilson k,17,80,549
烈雨,758,240,86707
Owen Keith,9,2,1540
惊喜,11,33,557
LVMATT,65,246,1840
HollisZhang,34,46,5931
DJ ADBoom,16,55,1840
EC,69,176,2102
黃格雷,3,20,659
Rich Dragon,34,66,1826
朱彦安,20,108,1266
Zahirshah Ablimit,12,126,10785
Ezzek,21,85,469
DJ ÀNDÌ,49,148,448
舒克尔Schuker,4,21,1462
ARSANAL,4,360,806
PurpleBattery,3,9,169
尕让扎西GTR,19,0,3207
zayir zakirovich,20,103,1335
7Grams,118,134,6997
TrK,5,25,5542
AirAlimjan(Alimjan Ismayil),46,25,458
X2ON7,33,202,621
Fendiboi,0,0,2885
Chr1s,54,49,326
Mr Orange,2,26,275
Neal Yang,5,158,514
DJ Mr.SouRce,49,13,1875
DiKo,959,14,510
Krovry,1,19,240
SUP.FJ,3188,171,5312
Joey Mizers,10,2,1268
DJcc,244,69,2290
Yellow,0,18,257
Hahn,28,89,14003
HINA,35,34,18593
Misran,196,99,960
FG2K,2,26,94
dj王海缘阿军,4,6,78
WINON PAWSUP,32,63,1547
达桑嘉措,9,17,2064
Vanished,5,27,1320
nanase,71,53,775
Crazy Up!,0,117,226
RIddiMwobs,75,14,892
Frog White,0,0,90
Cesar Chen,53,15,1465
Young Nash,7,3,1456
17,11,7,272
Cydney,2,0,707
DJAcey,0,2,388
DuOud,0,4,47
J.Fla,20,4,1589686
何美臻 (Min He),0,2,3
LoveSong,0,3,1118
Tiffany Young,7,0,23034
吴越,3,24,2217
Saniyam Ismail,87,65,49757
普映蒙,162,87,2326
Çhay,11,132,687
ZaleLes,291,78,12652
PUP,89,34,10528
董雅婷,5,0,3230
XIN ZHU,18,6,1325
森川ちよ,337,98,1428
廖喜庆,1974,220,7100
Leah Guan,22,9,1264
Alizee Tsai,5,16,542
kiss me,0,0,5
小sa神,94,6,34861
Aipiaoliang,6,10,59
Tiya Manson,173,117,1351
张点点,4,8,426
DJ PinkGesia,11,1,979
CoGinger姜寒,8,4,1745
ChicMoe,16,50,1031
白白麦,8,1,2407
Aubri,18,18,409
吼吼,14,1,808
Anti-General,1096,123,61924
Aosaki,19,198,20621
Angry5JaR,16,88,11928
Aris Kaken,27,148,1538
Arman,4,51,656
AKE,37,19,3068
C.Li.,0,13,297
a r i a d e n g,618,271,860
ASXX,2666,1987,3696
ARmic,72,138,91
Audiosoldier,43,178,1166
Code Wu,0,6,309
chimneycrow,243,56,232
甜菜心,78,83,221
Carlos Ou,3,3,1295
Dimash Kudaibergen,2,2,117014
段同愿,49,25,10024
Nightsky,112,1031,1524
迪力夏提,7,0,429
Mu,400,167,590
Dassnae,9,51,864
LLLLLIYANGGGGG,63,62,629
伊力哈尔·阿卜杜热合曼,170,52,2808
erzat,0,0,143
FDZ,96,438,1730
Fuyuki,0,4,13
葛泓语,1,10,63
Hoaprox,0,4,99228
S.z.t_aJun,14,34,1433
IZ乐队,1,3,2551
鲸鱼马戏团,57,10,19890
Jason Casper,56,20,1055
Jiessie Zhang,2,2,15
nexas,21,34,73
黄在羽,2,11,46
Arcticloudz,1,24,529
Keymi,7,5,1111
康旺加,0,5,15
LUKA,30,28,356
Kaleck,0,0,30
Narcissus,0,0,204
PonySoore,177,285,5861
邱比,3,0,18288
SOCIAL GUIDE,43,149,107
Sarvar va Komil,773,65,21995
DipperX,226,49,8379
Sula,256,73,373
宋天祥,1,6,137
SixPoorGuy,16,111,234
ummon,11,0,25039
UmuD Eziz,42,70,5810
Gaspard,15,30,962
民间说唱票友艺术团,23,53,122
王梓,0,1,7
呉三,26,81,596
Xomu,3,16,2143
音浪,5,10,715
亚尔肯,55,32,4859
525,1,27,77
Zabo,1,15,71
造音小宁,28,166,173
Miradiljan-Bawudun,149,29,67148
AniFace,27,72,68621
Namunong,10,45,15391
α·Pav,21,0,106917
Farrux Xamrayev,91,9,51040
四季音色,115,56,126169
YUKIri,6,1,81220
Lopu$,123,72,25603
Mewlan Memtimin 买吾兰,40,51,43618
麦麦提·阿里木,29,30,13272
Batur_Abduqadir|باتۇرئابدۇقادىر,28,0,17162
BAHERDIN TURSUN,21,58,9372
Cydian,3,12,18286
罗布桑珠,4,6,26752
ChenDjoy,81,105,9652
Mr.mo,24,0,15326
Adiljan Mamitimin,629,15,26442
emoshinobi,10,41,8667
AVALON,19,277,5779
Kaysar,13,43,3639
SimorE,438,4,15209
TATA,12,18,8549
D.Ark,13,11,53142
Abdughopur_Abduwali,40,193,6302
Ebrayim Enwer,126,17,31683
张小她,0,3,10209
1n,30,221,15363
蓝云木,32,367,7060
Alanis徐扬帆,14,51,520
大象先生,118,6,30866
DJ Top,0,0,17821
AgNo3,1,19,2410
_Stefano,2,131,3998
Namsız,3,0,5708
remix,1,1,6053
Nurum kurben,21,6,6330
Masque_Jupiter,5,25,2753
Adiljan-Ahat,69,14,6380
MuratjanMuxter,877,64,13289
YounC,50,55,3935
死病娇XiaoFeng,0,0,3129
sinol,3,66,2579
豆沙团子AnDango,10,66,3333
joke teller,2,92,609
босс,44,16,1133
DeeSh1ne,2,10,2438
德勒闹吾,1,2,5449
skeleton,1,1,2261
Qeyser-Bextiyar,12,27,3984
Riyatjan-Muhammat,55,7,2113
真菌,40,52,2246
马尔科夫,28,13,4091
大土班的魔仙堡,28,72,981
PaRaD1SE,4,10,5054
澄海伯伯,134,172,10144
WayneWaste,22,58,1081
牛奶味夹心阿尔卑斯,29,43,1119
Shahimerdan麦尔丹,79,157,8205
Aydos,75,44,1700
桑尼,4,45,1449
曲木成呷,4,18,4347
poree,30,62,1407
张彵凡,5,30,3878
叶斯哈提·木黑牙提,54,30,6658
kLoH,15,51,381
guofoo,0,14,1257
KaysarNiyaz,4,4,7546
$UN,4,27,772
Y_xhの柒姬,1392,213,3264
HeKai,9,17,204
Korinawa,4,2,904
BeeXXXX,2,8,2974
SheldonLeeee,316,0,5953
麦金,69,8,1788
奏有,21,1,7458
Arman Xukrat,22,13,1564
夜の律,241,38,4310
Sub,2,18,1093
DuhuM,12,97,958
吹口琴的水,12,27,12275
劣質男孩,0,0,2213
HtadoubleX,1,1,717
AbdurusulObul,95,113,6056
GumJ-鸡蛋先生,43,92,1405
DickLi,21,22,576
LaZ. O.,3,236,592
Vinz T,11,7,568
Bahtiyar tohti,53,8,10749
Parhat Asip,21,144,4767
Mamatjan_Mutallip,84,195,5879
Amaj,134,58,1394
KOH,0,43,132
Carla,33,165,3532
Nootag,786,41,5393
HyJunk,0,1,2329
Afra,3,6,151
Cvalda,40,17,120
deejayyeon,50,61,584
KOHANE,27,5,45
予词,178,12,3207
NIA杨心予,6,2,156
Shirfine,1,10,21261
水曜日,4,5,2801
醫生凱,4,28,19
酷癌KooEye,62,112,5230
GulgineMollaemet,743,107,41628
Shafaet Osman,28,18,42809
清风至,3,192,9012
尤沫Dina,11,38,936
樹莓蛋奶酥,2,8,9980
水玥兒,80,11,30556
Sol Ciel,23,3,613
绾绾Akari,9,26,8095
SAR_H,0,5,579
cattzįm,3,13,1214
DU丢丢丢,52,59,2095
才姆措,8,6,3437
糖风,41,36,900
猫叶叶,5,41,131
Miza,78,9,2591
三 角 測 距,8,2,1694
1̶2̶,10,30,1321
Kooria,5,21,274
SudiyeAy Mexmut,44,52,25204
北檀,29,88,1514
次珍,3,7,1293
李内向,20,71,11108
Eunomia,95,50,736
楠葵子,43,42,618
猫亦记事录,14,28,921
周毛嘉,3,1,1043
李行,2,68,352
Yileen,11,41,914
潇湘夕岚,0,6,412
黑峰,7,5,568
张雨清,17,10,4769
蓝夕_Spade,37,46,308
玛依拉,3,1,579
MercuryLeafer,2,18,8666
无余,9,58,3235
橘夕夏,1,13,5602
丶Mincy 旻熙,29,26,2079
Odoriin,10,27,141
帝玖管弦乐团,5,3,3755
考拉抱树,31,67,618
逗子,25,22,205
舟亚P,71,1,278
FLuoRiTe,30,16,279
荔子_LizzI,15,28,245
Mutmee Pimdao,2,3,82
Yuniko_南南,19,36,263
Yae_Angelica,4,11,234
林小尤Simona,12,1,1741
DobeBiu,4,6,488
Nyaameow,63,66,576
炸炸,8,5,26
音痴懒人,0,6,168
灯树,11,4,203
Terrorjam,0,2,134
阿岛先生,391,3,306
思晴,8,9,64
黄丹,0,7,22
Tangerine Express,3,69,138
罗蹦蹦,14,1,468
游泳的游游,3,35,172
infatuated with a deer,31,46,570
Kichou,17,22,140
张越尘,9,5,265
ALow.,95,80,85
斯琴塔那,0,5,54
初初初夏W,9,14,101
葩姐姐,9,37,117
囍,2,41,91
CocoPop,2,5,49
RANA.Queen,383,0,395
杨陈秀一,7,1,89
M.Y老鱼,0,8,47
b1n90冰果,62,181,202
卵卵su,13,39,85
言吾音,8,22,269
眼中有秋水。,151,26,817
荷东猛士陈,170,25,95
hopechong,2,7,308
Noi!,63,69,991
Brila_L,2,6,91
卡乐,19,6,373
BowOfAtlas,171,194,518
DropDead Music,5,10,115
Inspirative,2,3,2414
九宝乐队,97,0,51123
落日飞车,6,4,150248
蓝野乐队,6,0,1140
Liars,1,5,56
LCT,1,11,59
牧羊人,6,17,217
Mavericks_Official ,56,22,3590
moonfall,0,3,15
Sleepmakeswaves,12,2,3974
Vector Machine,134,362,626
Yiltiz,7,1,2306
China JTA,40,26,2540
4oot,2,1,2387
GumNam,854,18,2405
ForceZL,3,17,1441
RED,23,63,3865
抛抛,28,9,17610
Do Shit,7,0,2888
ZebraZebra,4,25,3933
H.M.Funk,36,69,2780
AMTwo,6,16,4708
Weed,1,20,2464
BNC$BrandNewCohort,3,8,2808
SkyLights,29,179,17135
GOMAR STUDIO,0,3,1484
Elecrystal Sound Team,0,1,3220
ARnPRo,2,0,2720
巅藏说唱团,6,9,2416
千夜,0,4,476
eigenTunes亦听,172,47,3328
PSYKHON,666,0,2182
DJ宋雨飞已退,73,0,1910
惊奇海洋（Marvel ocean）,26,10,175
Bana-X,6,126,605
林如韵,22,9,2332
欧洲音厨,65,1,1254
K.P.R.,3,28,711
MelodyGarden,15,0,793
SIH SHANDIIN HOOLAI,1,0,1411
Cutie*,3,1,4209
野狼乐队,0,12,612
Poorman,16,6,1642
Q-Audio,185,23,770
贝叔,4,54,265
RTG,90,66,778
Jangaa组合,3,31,586
Controls,32,233,1017
INVADE,15,34,569
ART RAP,5,4,511
Unicorn_独角兽,44,34,308
WEON MASHUP,3,16,223
Blast Way Z,8,4,122
9596乐队,1,14,478
木野,3,11,298
Checkit,9,24,558
-Sunny-Youth-,0,1,1039
K-AN,5,9,315
SHIRAQ,10,7,261
Wukong Defunct,6,0,97
Mzoce,25,65,24457
NASSA,3,3,491
清华大学键盘队,1,6,282
ELYAR-PULAT,9,7,10166
一个大G,4,159,237
HASG POP,8,2,255
ShahMat,22,4,318
准噶尔乐队,5,0,380
廢兔Itsuki,17,470,1348
六甲番,16,9,939
菩提集团,101,28,273
Husan,10,32,273
GANGSAMOSA,1,3,419
Wiener Sängerknaben,3,0,92
增城捌贰陆大哥大保健娱乐有限公司,0,12,64
新疆Kelkvn说唱团体,0,10,276
王雪山,21,4,12
竹田おと,18,227,284
魔幻之声口琴重奏团,0,17,602
骏景小学合唱团,3,3,22
The Messy梅西合唱团,0,4,187
Dahlia Rosea(玫瑰博士),2,4,396
Anuradha,4,8,129
Quartz,31,191,171
Liberation,7,3,280
Goodbye Honey Boy,4,1,350
漏音器 The Lowincher,116,32,95
范世坤吉他私塾,1,6,69
布日德组合,5,9,121
DAVID BORING,0,2,330
Near Death Experience／病亟,0,9,58
