artist_name,artist_id,artist_homepage
AThree-Arslan,1087200,60279611
阿杜,1876,714040
Assen捷,187295,2074263
安苏羽,12132566,375114798
DJ-Varc,1878,58716174
阿杰729,1106124,430866811
安来宁,802016,33709369
AlimjanTursun,1081752,72145909
abduwali tohti,1132222,79253501
爱乐团王超,10998,265145
A路人,1132013,93249076
阿来,784443,77203182
阿良良木健,964311,55294201
阿力木江·托合提,1058073,844775
阿尔达克,1045019,38992062
安东阳,1945,31841999
Andy Mei,12074017,39028022
Azoy,1081117,40043798
阿尔法,1102011,97600017
Allfine,1122109,66832069
阿力普,804159,268876
akbar ahmat ziba,1049340,49472751
安神,1980,1496861
积木立方,1050612,50093401
阿沁,1872,644496429
AKA道长,1039594,3434543
阿见,762462,281762
艾尼瓦尔江,1047377,118028266
Akbar Kahriman,1084038,75115520
Archaic幻梦,1053043,58115137
AiPi ,1054175,58886395
Annco.Liu,1054144,60031790
阿译,1961,78247044
Fumos,1080022,70414253
艾克拜尔,229593,19561169
曹翟,832010,134325858
敖日格乐,862110,291771145
士辉,1087768,78110805
Arivval,12046022,121793002
阿振,1902,1495462403
Kadirya,1060224,61712934
a$ce,1054114,41458037
AseLOrDa,1081930,35424613
Anchoe,1039416,20583267
阿拉腾傲刀,1926,117752449
YoungDrake,1054102,55712214
安浩,1124167,78418790
ABSDJHONG,1075100,36112831
YK-D,1047280,50841606
ANNER,805076,426854719
安然,12942194,454995266
白小白,12356407,76484531
SAM努尔夏提,839689,3107354
布瑞吉Bridge,12493701,302527594
白亮,1084207,3469090
Bilal Enwer,1039011,76491986
冰块先生,1054040,59386252
白举纲,909029,70317842
变奏的梦想,1085053,72095760
Braska,1048054,127410049
白宁,1050807,40178625
BrAnTB,12523451,48095201
拜合提亚bahtiyar aziz,1131033,43084442
白菜,14100563,326238845
拜尔,2056,203596
血男孩,2103,9089660
Beatsound,2104,105281132
笨笨口琴,1053147,58862521
波拉,2087,52782974
边江,12457194,274671758
薄彩生,816079,2440981
孛儿只斤·包迪,12090249,62441476
白天不亮,2055,252270
Ballrockin,1081918,45385170
鲍鹏,12279094,419016062
毕书尽,2059,65729840
百慕三石,2048,9315810
BlurryCloud,1038371,45546271
Viper毒蛇,1044102,1799689
巴顿,1078363,69873322
BigKey,868113,3240042
白羽,2060,59625484
贝歌,1038088,523357
BHTY-R,1078050,54200041
斑辣个马,1060060,40289427
周迪,1060124,62412848
BackToBand,12344330,101681772
背背,969082,30814831
边远,1032373,111195854
鲍越,13568181,343631530
白静晨,12817024,447587520
bAddrop,13699123,1299023182
鲍昕宇Aspada,1132662,76861019
YoungBoyDan,12493121,451797605
边边,1038354,430540242
波比,1032406,44044596
薄云天,14714187,1453784301
鲍元恺,2073,1291346111
Bloody Woods,228408,16107453
半梦,1106064,81336798
BK532,1087669,77909039
BillySmith,1008035,33743912
Bikman,1065002,65320225
陈硕子,12079044,40263400
陈鸿宇,1058228,46907088
CLOUD WANG,12131566,2068093
丛铭君,12634049,376759534
陈楚生,2124,39002
陈信喆,12132471,561914237
R7CKY,1044054,48031814
Candy_Wind,1084178,130614499
陈奕夫,964450,31331756
曹轩宾,2159,7588437
陈翔,2331,606381
常石磊,2153,281541
曾一鸣,6557,3532340
陈晓东,2125,31916102
陈柏霖,12010027,124667944
陈致逸,963431,72121524
Cee,31055,298050435
传琦SAMA,1043290,35008907
陈旭,2147,549652754
Carta,12023426,125176154
Chace,1041027,12192819
蔡方萌,1046063,49366712
陈小虎,1007135,34873082
陈鹏杰,189379,425745562
曹槽,941023,67692482
陈亮,224360,288105830
川子,2131,41339245
残泪杰,1124141,74589419
曹秦,2448,1918484
崔跃文,991003,7986351
陈丙,14471208,1501675742
曹寅,168042,92338748
陈奂仁,2133,265898572
茶季杨,1014024,35814727
曹思义,1043304,126490714
陈浩民,2138,2629574
曹方瑞,12312092,431126925
CloudINJoke,1081291,69440548
才让东珠,958173,29877006
程池,2336,311786169
陈劭康KOMIC,2428,2781983
陈浩东,1023094,64928199
大彻,1060096,62227453
陈伟伦,2440,266751493
冬飞,1019523,3226664
董又霖,12054456,397065104
邓伦,12440042,489035769
DP龙猪,12333145,290935979
丁可,2569,3888217
大张伟,2524,332494
戴荃,791534,77055093
东南,671001,170163
DELA,1088061,73462280
冬子,2513,108034518
董昱昆,1087662,77878965
Dough-Boy,1203015,126270771
DjCore,1039543,46007112
DJ浩宝,1135138,87340950
董冬冬,947023,344775505
DJ建斌,1053107,58280760
大冰,2578,77169861
多亮,2607,2603924
大哲,2614,179408
杜佳阳,12787446,631741396
丁于,2545,50749898
东来东往,2518,272640
烛鷷大魔王,1049022,50077308
DJ阿奇,12194338,365642089
董子健,12273260,427466804
D-Lay,1078398,11472085
丁世光,12894239,347653549
单小源,2591,133151192
蛋卷,1079143,20379782
丁汀,2605,288787912
张拾壹,1028197,42177447
丁炜,2682,131672
丁少华,2616,2447467
大琴师音乐游戏,1058138,62583646
大一学长,27695243,55023888
戴景耀,12618022,490245849
大泫,13933117,1320033161
大坏兔子,1050641,50321933
敌门,1085030,40699322
Dark Moon,1097163,80269669
dj皇家礼炮,1066056,65945564
狄奥尼索斯,11428,11159694
豆心,12902436,446342092
笛在月明楼,981003,16564197
DJLayDiMusic,1060122,63197152
丁乔,955037,34109440
豆腐P,12107621,247139942
丁浩然,2610,1944518
DJ Ricardo,1081326,56043940
董昊,986276,17810300
旦旦,896569,109545298
单海锋,927045,16753370
贰婶,189955,117838859
贰佰,896894,14290696
哦漏,1085108,84797747
eliaqsopa,1039899,32062825
EDIQ,2714,58898317
JIN DJs,1043015,18062644
二凉,905634,15284314
Elvins.J,1043383,37075948
二龙湖浩哥,1192402,338876870
EACH9,1050341,55836022
Evis Wy,12370200,538671772
EdJean,966153,16641121
Elfar,1089203,53823719
二文,2727,1858103
EDMarco,1053149,50994303
enderdz,1040044,70480927
贰贝勒·木森 (J-Forest),2720,332361112
EDEN,1019328,37333702
“阿兰姐”,1080049,67249310
Easy Mind,816055,15637760
儿时玩具,1054116,7661090
Ezfic,2723,66478012
二夫,27888574,323443597
EXIA,1050576,40551268
诶姆,2716,2785063
EryXDY,1093034,55408721
Easion_Ng,1047255,33984913
冉明阳,1049900,52680141
ElectronOscillator,1073043,50115092
一针见喜,1038223,45198506
二向柚,975774,9038852
Electronic Dance Music,1047206,45791870
Rich哈木-,1049701,50238417
方大同,2738,77799052
法老,865007,6966840
伏仪,12028291,131740756
风子,1032016,42576586
樊凡,2775,1292494729
Fcyco,1024309,40607060
Force嘟嘟,12025631,86243787
甫平,1081940,42590651
冯佳界,957020,40347363
方磊,1163007,6714473
枫叶,27694696,1660101888
范炜与程渤智,842003,3721393
付辛博,2791,1379378
范世錡,12356808,1305756131
HAO付豪,1038367,42658003
Firah,1081292,71993447
Forkyrie,1039404,49890751
范忆堂,862024,7032018
梵墨,1025042,40300635
范恩,1043488,2839419
李汶峰,1020150,16448959
Oily Fish,1024299,11843035
樊少华,2793,66281604
佛山DJ明仔,4544,15390103
冯言,2778,433458060
林屿森LIN,1078032,56503949
FACEVÔID,1057234,30589360
冯乔,2758,192159
绯太子,12325107,327290716
Ferrison,1047027,46434424
FOM,1115016,81876007
浮游人-TonY,787065,1899169
Fattwo,1022050,39095202
付浩天,1131048,84595725
飞翔,2839,359168269
周栈,12357569,249850985
方毅,1084058,75386443
奉枫,1046239,102552418
冯晓荣,2808,1306918492
肥坨坨FatToc,1124320,259425340
F.BING.KAI,1050441,55588901
Gloomy Van,1108145,69880690
何玉林,1063170,48763834
浮克,2761,110328527
FyBe,377197,36469764
范星光,2829,2693762
F,1024321,7534085
苏天添,1050031,53212870
郭顶,2843,349660440
G.G(张思源),12050057,280519903
郭旭,1044203,55082381
光泽,12136042,358115134
GAI周延,1211046,134025101
鬼卞,1008034,35477649
跟风超人,13058582,1507194608
Gill Chang,1177230,1408301930
高安,2963,2371191
关喆,2868,7536752
国风Dom.T,12399037,452073003
GNS耀耀,1041024,103815983
宫阁,12023517,273638282
苟瀚中,5311,373600015
高林生,2892,2419138
时光,947046,33762457
顾峰,2874,714884
GC国丞,13228424,347725710
Yehudi Too,1081301,33543388
谷柏杉,820439,2502218
高铭,1049033,627131
歌浴森,2945,262006
高夫,2928,56463488
郭思达,12998047,1330483863
光头李进,2885,129477391
顾稚蔚,1132850,86627617
GrymeMan,975574,1342757012
宫俊,12262021,585234802
嘎玛西周,905095,107327133
Gatsby in a Daze,1038338,68388326
高赫,12154162,347739876
GBZ,861441,2908374
GZ,839567,1699428
郭好为,1132304,318370310
华晨宇,861777,43745724
胡彦斌,3066,50485130
河图,3249,102528951
后弦,3058,227030
胡夏,3273,631671855
黄旭,12065096,269899697
韩沐伯,12773144,80080187
回音哥,3348,80406064
Hanser,1049179,347927665
郝云,3071,2796710
黑龙,3118,49241219
霍尊,3415,29400577
洪尘,1006030,41035488
海鸣威,3086,42783104
黑羊,1011192,35864524
胡碧乔,1049349,69310168
黄雨篱,1081579,67777485
RA,12598950,580884317
晃儿,3307,332191289
黄榕生,12488022,448073803
海生,3311,91893447
韩庚,3272,91178056
洪启,3069,3597597
何大河,1181165,101869278
黄超,1040132,261588491
黄征,3093,1570014
何山,789450,2067779
韩安旭,1177014,566843611
黄礼格,1019154,310287865
胡德夫,3056,64113135
浩瀚,3261,250643307
涵昱,1006027,72934145
洪雨雷,12487019,482530104
黄国俊,3123,1541976652
陈斐,223221,51022659
和弦,1081256,261787243
贺西格,3096,46063577
何星烁RapStar,1039086,92522919
Howie Lee,94064,31381548
罗一四,1041087,34366236
黄勇,3421,136823116
胡波涛,3676,5815391
灰原穷,3317,50426147
H.K.君(HEROAR),11880,1342060
iMoon,1038374,38391872
impossibleChuck,11987075,121739762
InfiniteMusic,956418,26910953
INK,133386,17951763
iimmune,1083022,54609463
金志文,166014,2117732
简弘亦,5001,95076
Jason Chen,3535,1509813675
蒋家驹（蒋蒋）,188694,65887802
姜玉阳,3459,84346261
金贵晟,827163,289577437
J-Sleeper性感的拖鞋,789380,1898567
姜贰拾,1071076,35640977
Jason王威登,28085561,1525490673
蒋明,3558,282690
江南诚,1047078,340679843
蒋大为,3452,1312288880
JR Fog,3526,254899127
靳松,3528,346164242
靖佩瑶,13056451,263238669
井柏然,3539,6783129
金培达,3536,361105844
JK.Chen,1097081,74421273
JZlee,1098154,80448635
JK LEE,13226406,280793052
鞠起,3537,3659951
精气神制作,187394,335297751
坚持者,187203,92282652
贾盛强,27694332,73452958
江潮,1015710,455322949
蒋山,3594,31712961
小简,1099005,80474007
纪粹希,1038398,45696071
贾昱,12488044,371340992
简吟,792823,113206158
JOE WANG,225978,56727634
JeamsKing,1124432,84161770
甲雍,3591,44912757
jackson,1047025,50565986
吉克曲布,1049680,501269922
JIANG.x,1060009,10672118
贾巴阿叁,1038368,78148612
君子,3572,50243727
九御kyuugo,1057168,61160313
江生,1011198,12282792
蒋敦豪,1038352,52953875
陈褚骏,1028051,41895737
精彩词轩 ,12526089,1680410875
江凯文,3461,466356
贾涛,729003,495119698
JV陈政文,12634598,1595807758
Joker one,12074481,430079561
聚来提,12488021,499208735
金忻,1043181,40713448
京脸儿,1043535,92416395
KBShinya,1047064,86854278
卡修Rui,862058,6439513
孔令奇,3619,5577031
Kafe.Hu,12024274,260785237
柯羽,3626,16487261
凯玟桑,1019172,265584367
康硕Kenny,911042,1710002
KenT,3616,153460
柯暮卿,3672,327415154
孔垂楠,1019155,113522769
卡斯Kas$,222404,110213833
柯智棠,991002,121212657
张童,1135192,45343007
Keyshawn Binean,1060093,39403266
K邵庄,1132845,86620416
宗儒,1080047,62225040
孔岱山,1081372,38512527
Kositu,3643,1715362
Kit.Tam,1039449,100888453
库亦晨,1050144,53431833
Koowho,1081974,8659217
Killazer,1043220,14102186
卡列宁,1079139,70510017
K.Scarlet,12467039,514117506
Knife Lee,787062,1754397
孔一兵,961279,302282245
Ray3,1050581,30309568
杨文博Poe,1069015,2767960
肯别,991229,76033
Kael 鹿帆,1044036,9269036
Katana_4real,999157,51098759
口琴ok,1046036,48934134
吕先生,1124332,299229171
狂奔的萝卜,1081307,68819214
Makino,1132707,70799483
寇麟,12073350,491749026
KNXER,1099008,39107954
Knight ,29150357,1319918760
Kalen,1049872,558506376
康智炜,787048,201312
林宥嘉,3685,1390681736
李荣浩,4292,6228671
Lil Ghost小鬼,12493781,295088806
李志,3681,9753203
伦桑,981141,352548501
李健,3695,2651022
刘昊霖,4171,179329
梁博,166010,381796696
李玉刚,4130,46787270
卢焱,12523349,626157813
老狼,3682,2000268
李代沫,4393,30001
柳爽,1060132,60367061
廖俊涛,13022016,446360009
李常超 (Lao乾妈),12359437,442312176
卢广仲,3690,48240395
李雪莱 ,1040035,82370139
流浪的蛙蛙,1047239,29588907
六哲,4069,2345279
李行亮,4093,216250
蓝波,932053,279792684
刘旭阳,1025271,416050385
廖效浓,1051026,58003550
李琦,893267,9035572
李俊毅,13059444,561426219
陆虎,3793,348130
梁晓雪,4006,240691
李慧宇,1083012,74472019
李智,1039750,270047222
刘嘉亮,3747,54003
刘心,4080,3643766
赖伟锋,4055,201124
李子阳,1021328,19247504
雷诺儿,3772,273164
刘东明,3713,105869073
刘洋,15021287,327120369
蓝乐,744274,317254854
梁栋江,1044185,34625180
老虎欧巴,905491,294796034
李明霖,936007,388891741
李维,3752,98608379
Lu1,4037,79034000
卢小旭,3952,373710676
刘明汉,4474,2972342
李柄桦,12132197,405147010
廖佳琳,12096060,316671184
刘家昌,3743,363232852
李晋,816087,2886722
马雨阳,826336,2795792
满舒克,188141,1564510
MuSik I,1049168,2674704
马頔,4592,1742138
慕寒,12413,85662263
闫东炜,4621,100182694
Mario,1038238,498771
Max马俊,13415208,129360652
Mc光光,187903,249595432
孟大宝,1050630,16110448
马天宇,4485,720821
M80,792162,130153529
慕斯の小乖,1049174,91533246
马潇,858161,10240016
马条,4480,291340391
满文军,4488,9269994
chill boy,571797,79064580
马融,1058114,62095725
M-PHOTOS,1050611,51533198
猫饭,189932,93307573
Mr.岑,1041122,62561080
MC-5,1043199,60209747
馒头,4513,2330619
满江,4481,2451539
MyT1aN,1089210,66557461
梅粮新,1039222,97905231
莫西子诗,896927,251429
莫染,4578,2123531
茉莉僧,816093,29516769
Mardan·omar（买尔旦·吾买尔）,1132719,73659608
Merdan Ablikim,1063055,52317620
MC九局,1047195,1508503582
冰鑫,1043170,47222245
马旭东,4619,53290310
mAjorHon,896274,9809637
马丁,4607,306638392
马博,4651,1727442
Mr.16罗隽永,1060200,63754519
漠城,1032310,43054993
麻吉弟弟,4482,1396871628
马戏团小丑,789391,184319
Mingkii,1085069,64119732
Mllano,1053118,42918017
Mr.Trouble麻烦先生 ,4551,2225356
Mc阳子,12132083,299898400
喵步小雨中,957152,81591840
方仔Rich John,1105059,346017212
Matt Zachary,1050693,19136944
孟瑞,832313,74489
莫爱河往生,1008007,7315990
苗小青,832643,491166244
马里奥赛德,1063133,47042326
麦子杰,4496,3873473
MC水观音,1049133,360181454
阿森,12114132,1386149201
那吾克热LIL-EM,12514278,76050757
泥鳅Niko,990051,30337390
宁桓宇,980113,1336809950
NL不分,190349,93637763
Noicybino,1074042,67766470
N2V,1058125,37397612
南风ZJN,985227,33020410
宁夏,1049392,17787120
Nayim.Nabi,1050258,31291435
南风（姜海龙）,4662,1625673313
还没睡醒的DiDi,1050110,48112999
南瓜饭,1046339,2883983
NANO-F**kyig,12226571,251712874
嫩桃弟弟,1057144,8846534
Nellee,1039882,2421852
牛骏峰,12042046,326101299
聂禹,4666,3036554
暖场小粽子,1027039,19988667
男森RAP,1124323,84052410
Nencol ,189831,34757477
No.6,1050265,34362898
Inspiration,1000103,285956
Nero NEX,1043110,46998312
Nic-BOOM,1019003,37076116
Nacid,1019357,38207461
喃常乔,12467165,509043333
糯米,4669,585948992
南涩雨,1039680,349913883
安夕尔,1057272,2854128
Noise Happy,1081733,73378457
小白的亚新,1089115,48918085
南味年糕,866037,7326730
Nickking,1132441,15573238
農里,1039097,30727688
弄青_Leon,29596520,248663823
OB03,12060060,81664964
欧阳尚尚,4715,6237367
黄秋颖,1066075,65578677
OCULAR,1024400,32892621
Orientlic,3665,269192019
OWL Records,1087808,47342135
昭和三色_,1057079,40813156
Oho,12469061,49667653
欧阳曹亮,1024100,40329748
Octave 20,4712,374652747
Ops.7,1044086,250464986
ODYSSEY_,1135222,58405005
OG-K,229959,598922484
欧阳屌宏,1124169,39515639
one0none,28899259,314993665
朴树,4721,482998763
潘玮柏,4723,538911628
Pianoboy高至豪,4726,96711325
鹏泊,11974049,120178592
Panta.Q,1050465,37376006
品冠,4755,16585250
潘广益,1046460,359786147
庞龙,4725,198569
潘柯夫,4764,503951248
PoKeR,12080220,353974875
平安,4777,5584455
帕尔哈提,1024310,37296382
彭钧,4759,3368878
彭坦,4722,6775822
Pahirdin-Rahman,1041119,52611991
瓶中怪,867021,33588014
蒲巴甲,4733,168367
PIKLANS,975410,1715729
橙汁studio,1132712,86168829
Phany,1077015,41569913
PDP,4776,133667815
P2Pover,1132019,47672267
彭成,13080326,270129384
潘高峰,797002,194650
Penguin Wang,1124514,30958813
Peterovic,1075125,45045652
潘雨轩,1077048,65879993
庞哲,12462045,478057055
朴翔,12170246,1567126476
彭子瀛,1045022,48847903
Pancakelee,906049,15772266
Pipy He,1043454,59318412
咖咖,1038396,45363527
phsence,1014016,8975854
彭高平,832021,131172098
彭博,935112,448915253
裴力,4780,33861108
潘协庆,4727,94676923
Posheric,4778,64184402
潘云峰,228527,3619834
怕黑,4763,2716655
彭远扬,4775,1681441659
Polymath9,1047024,49847686
彭宇,12008095,113120249
prome ma,1043334,2548083
盘大王,1049727,52179229
PEATLE,12107301,322209227
powerA,1039277,344583664
彭家熙,5898,503878
Jony J,784257,1778158
奇然,4873,108642126
齐秦,4813,7510888
乔任梁,4793,273148009
秋野,1043222,29966473
前冲,1071024,64064295
乔洋,4831,1919906
权振东,168002,2699245
琪叔,1102124,15370881
浅蓝,1063018,336008282
秋火林荫,1132976,72188004
裘繼戎子千,991161,30709579
秦景轩,1088058,78351927
秦博,12007157,301505431
邱霖Big L,1077018,1724414
秦万民,203034,5621081
邱胜翊,190494,1391576874
谦木,1053113,58984247
乔乾师,1131007,84518558
七手,1089215,76768669
邱振哲,12279998,1478702448
秦勇,189453,2068246
qasa,12475335,511450552
乔万,14056229,1569395691
浅堤,13429295,1530781414
晴天,4828,292739820
曲艺,1074004,400084632
乔军,900051,61978009
祁汉,894026,3652702
齐会超,1043142,47124410
陆本平,1039227,93719022
邱小龙,12441224,292526315
乔嘉,4854,1385463142
秦艺天,789928,2235119
邱吉,1060097,63024081
Qzero,1108146,81545400
俅其oky,1015706,37015540
祁子航,13228175,594436710
区智健ONO,14923036,372489151
祁富贵,12290292,422788169
一杨,12074371,311721788
邱添,1040020,60840871
任东,1015114,19702522
Riyat.Yusup（热亚提.玉苏甫）,1110009,80901324
Robot-Boy,1081483,72748025
任路加,1019069,38259536
任宇翔,4926,3104456
Seot,1038361,3182110
饶威,12355767,91014359
RYLIA,1063168,33022104
Thunse,1081769,56651474
RPZ,1039251,454019
魜,1132068,38923807
Rapen罗仁麒,13057502,1414145808
任和,4919,290931087
润土,4902,51138941
Restonia,13197392,1366458300
Xerls,1027034,40693141
李旭,1081449,72690552
任向东,12074191,304153797
Remix Music TV,12131160,50213317
学长呀,1039710,60854906
Redkey,99602,353677344
RCJacH,12031078,80346268
浅小寒同學,1041055,46793196
Rap大军,12213118,397770178
Rabbit-lcc,1132187,85340721
软木,1047272,52689172
RoseKhalifa,1058126,53912625
R8o,12031270,135637742
蔡小江,12198163,368864478
Talkbox Roc Kit,1063080,64639591
任秋晗,13161438,268797771
阮以伟,4924,2417351
荣子yJan,1086016,2066124
孙毅然,1032315,43096008
Helix.T,975738,31802662
Rise,12142123,348670180
任健,1132402,2971662
任仂,1039505,57931628
任意门,1116106,81885676
阮明杰,1089070,78823693
rapof15,1078069,47106903
任升,4927,285526570
宋冬野,5073,12063363
Shang,1132749,7769569
孙子涵,5103,201301
smile_小千,797087,103309867
Sbazzo,43515,1350951358
孙楠,4941,198554
三亩地,1044144,22034796
苏琛,1146106,90555315
沈谧仁,1178207,114704392
沙宝亮,4942,224151
深七,1159133,102626719
少恭,1037013,44441246
Yoken_Official,1047049,10456368
寿君超Keyso,5106,317616851
S9ryne ,1039650,16008530
苏醒,4938,7439395
孙八一,1089111,75524029
石进,5039,2314022
银 河 骑 士 李 老 板,768266,3845769
爽子,4935,365016554
税子洺,12122233,336542531
Senpai,43884,83333755
Soul,1039243,113939198
苏阳,4934,97919127
SEVEN TANG,12336312,310039122
Upuk,1049990,51861422
萨满,190497,2659037
孙翔,13226089,1324659184
三郎,12006015,382886414
桑吉平措,5158,251565713
舒大卫,1132572,43591551
萨沙,15022221,511982186
宋捷,5015,6767086
ETAGI,1079023,50142340
Shepqet,1081895,48500222
邵言,1081875,72739953
索朗扎西,4964,189075
沈庆,4937,5793935
孙国庆,4968,253894048
水月,12024178,334354743
SIX GOD,1058135,49557817
Simon Marcus,1132468,85634214
宋晓峰,1039716,46194387
Heki,1132057,39180080
Satchel,1132060,67466906
宋马超,792099,536532026
四郎贡布,11975181,248496334
依兴驰,787035,2063799
Skey,501460,11716588
李官卫,43158,441224583
李粟,1047122,33345340
沈波,1040093,46694119
十三狼,1087766,75685080
顺德,1078072,2364299
史哲宇,1058100,62013203
陶喆,5196,1104594
腾格尔,5198,1532042344
Ty.,1086078,76606272
唐汉霄,1087592,289680693
陶峻汐,787107,58405
TSAR,1050510,26288957
覃俊毅,13056460,595557232
The Shanghai Restoration Project,31286,251791511
Terry Zhong,1155005,57157506
唐磊,5206,188197
谭水明,1116074,82311660
Lonzo,437343,47286466
TZ,12039096,270719274
Umvt,1087265,50892142
汤子星,5247,128426133
Toby Davis,1050530,56222522
TONY REY 凯睿,27695662,1457498336
Tolein,1039419,37969889
塔斯肯,2000,28778079
汤非,5274,278347909
泰然,5316,29768309
覃桢,908122,92274188
谭佑铭,5257,2450074
谭汶奇_wikki,104096,331001391
TedJon,805086,2562496
TopManss,1046418,35969938
TYRX,1132174,53750844
谭妍喆,12230039,302738806
陶辰宇,817010,399086643
田宇杨子,1043219,83166989
唐龙,985262,32967967
覃元隆,670008,57564179
谭哲,1039219,16550097
田野,222813,101995303
唐音工作室,791155,161485
汤祯钰,1043257,47429431
NPC,1088056,78322472
Tonino祖力,1057175,50304279
TooPhat,861410,6733821
天津饭,5250,80777450
琨,789121,116245105
Trojanese(魏宇凡）,12067068,96139956
奇巍,1032152,37984253
逆流Group,1050140,53321655
USAGii,12675884,1395299823
UNDERAQUE,1040136,129542815
Ulysses,1087008,46789598
Uncle Martin,1039046,418030748
Uncle Hu,1087332,77384739
Cilantro_killer,1050281,53943604
V.K克,5342,382637645
VESK GREEN,1049083,50164631
VISUDY,789949,232115
VOGUE 5,14101634,1458001207
verahuuu,1040098,35421871
VISIN,1044078,254910822
Vous Records,1053284,59226148
Neo Zhang,1060100,35236361
Vacance.ZEN,1192469,1406776438
VincentSax,1063151,3419822
VOICHAN,1048033,50903637
Var3D,1050792,57753955
Vai,1051025,19196923
VAIOTME,1106026,81322092
Veeos,1050440,30660238
Vica_Scream,1050459,42511351
王力宏,5346,52641121
汪苏泷,5538,18378979
王嘉尔,1083118,1298742783
王杰,5358,204425
王齐铭WatchMe,12320060,419624345
吾恩,966016,89566683
五音Jw,1047237,321667782
汪峰,5347,85259783
Winky诗,5568,21853198
魏晨,5349,2690253
吴克群,5350,5843192
王宇良,12007112,124951174
W.K.,794040,2390077
五色石南叶,5678,3872921
魏小涵,1023010,40138925
王闻,5620,1569537147
Toy王奕,1043093,267907451
伍思凯,5357,262376
翁大涵,1181775,93629169
王强,5427,393133197
万晓利,5345,58426904
翁梓铭,12122236,86077748
王童语,5531,2789046
魏巡,12487017,257877035
王睿,5549,247972644
王博文,827615,254997496
韦礼安,5379,104814186
王亚东,1032316,43095805
王愚,1097092,49690663
王铮亮,5518,189538
王朝,1039296,41053683
文子轩,1047281,2628661
王三溥,3669,46998208
文劲松,1063066,38966892
王上,1047389,381724448
Ice Paper,12121264,320485224
吴彤,5529,130511356
WHIZZBIZ威士堡,1039827,76635052
文颖秋（DJ CANDY),12122114,470442429
武艺,5550,2574200
WARISJAN ABDUREHIM,1041154,71219509
王栎鑫,5370,5816433
王继阳,1015042,81362209
韦星弟,5888,152464
王梵瑞,5352,58239856
王华峰,1060108,3141747
王备,5603,123196513
魏枫,5524,429098
汪定中,1049306,411663000
王胜,1015092,2487959
王进,1073042,19819233
王广允,12488048,357989028
薛之谦,5781,97137413
许嵩,5771,31265745
萧忆情Alex,1132127,278418244
西瓜JUN,1115075,86946644
徐良,5929,17889857
小魂,1047088,57275784
夏小虎,1083049,74722904
许一鸣,1035021,59933041
小曲儿,5997,314670701
夏子皓,12145073,418128296
萧煌奇,5774,683487
箱子君,12061156,442760872
新疆群星,1214021,29597761
西奥Sio,1124093,250749006
西瓜Kune,1047348,69940257
小洲,1178126,85363134
谢帝,847107,3895217
小来哥,12450235,433447394
谢天笑,5767,188318
Xun（易硕成）,5998,200086
小右,189307,114799291
徐大乐,1005028,106321
小柯,5772,271045552
潇梦临,1018121,632696844
徐誉滕,5786,144084
邪恶少年EB,5875,178275
西皮士,5780,82425016
许魏洲,12000097,561252786
小安,5866,73682414
邢磊,840106,1273715
西楼,1038353,631649368
小贱,5951,200562
徐子洋,12132342,115998215
Danny_AhBoy许佳麟,225767,537518211
熊天平,5775,571836139
谢雨维,1081202,71820778
谢路昊,1050467,56031880
Ayan,979027,11812225
小少焱,1046333,49430993
鑫哥,13080286,1385939314
小皮,5963,118277464
老猫,1049696,51979313
希介,12111129,120356042
小艾EYE,12166196,294365678
徐云霄,1132686,32469117
小虫,5788,212110
小猛,5995,63996030
小微,1039518,73196118
熊汝霖,5795,88434876
徐靖博,5819,370954817
ANK,1087660,50157452
熊熊作业,791328,2093878
小灰,6050,227135
HIGH LANDA,1050356,46879079
杨宗纬,6066,818067
杨坤,6068,367551307
永彬Ryan.B,12448205,282580185
余佳运,1079074,37365202
音频怪物,6290,316251566
叶洛洛,975714,41575131
杨非同,13056466,1348113608
佑可猫,1047065,85954887
Yee,1050364,54179809
尧十三,4903,35063071
杨和苏KeyNG,13899303,1466104991
于毅,188735,498241636
杨搏,12378044,109538765
炎亚纶,6208,1390651880
颜小健,6288,2255619
尹毓恪,12487045,276323786
杨晓川,12468212,1018070
颜韵Ycy,1038053,426911412
妖蝠,13791380,421578277
杨栋梁,787025,559424772
Young Mai,6309,335940342
于子将,12074471,301105660
养鸡YoungG,1158062,98456878
杨嘉松,6084,1618340870
伊丽莎白鼠,1078374,70029525
尹吾,6067,530100549
余枫,1024313,37133117
月代彩,1132938,84653354
于嘉萌,947031,122642250
袁弘,12074935,15511883
约瑟翰庞麦郎,813378,30161251
云天_Cloud,11991172,253228926
于湉,905413,1309889030
杨琨,12369048,134584084
杨梓鑫,12474633,253984425
亦勋,6359,78041
YoungQueenz,736013,128302040
鱼果,1039555,54486832
杨炅翰,808050,606108
一盛,12615040,1292832797
余柯,1046018,352920082
岳伽南K!yo,1039073,122788611
优秀少年好好,14118414,1451754444
叶健,1064070,65258585
yocho,1132770,80882532
杨烁,12046331,482459163
杨培安,6071,106501684
印良法师,1063217,64982218
杨旭,12441085,44226115
杨学,1019376,38406896
易思宏,820376,2762007
赵雷,6731,93504818
张杰,6472,3492944
周柏豪,6479,273342817
张震岳,6453,5158334
周兴哲,980025,1424570743
张信哲,6454,517640649
赵紫骅,1038040,106739673
朱星杰,12120150,250924208
周传雄,6652,44653565
周深,1030001,371143242
周锐,13058505,349482854
周汤豪,6730,1532869205
周彦辰,13058506,133870318
郑建鹏,6752,274694378
赵钶,1032247,350606735
张赫宣,166016,1593132
张希,1085116,73942186
赵海洋,990177,41002626
纣王老胡,816103,33422086
郑钧,6458,2740752
赵照,6729,126398
钟立风,6474,57072224
赵传,6463,9634334
郑源,6470,233400
知性的小方块,1049276,102577066
赵烁,952073,85050875
中华,1047257,50919889
赵泳鑫,961075,3603404
左小祖咒,6467,976063
赵鹏,6483,2543303
张宇桦,794076,168393
泽亦龙,13972443,551435588
张过年,6488,321105000
赵英俊,6891,48054917
张磊,1132738,113240250
周云蓬,6461,1586952551
祝贺,6982,251067898
张洪量,6481,38847640
张静波,817016,46116406
张奕轩,13056470,1362416157
郑冰冰,1060061,62830322
张阳阳,992001,1298977797
Q.luv,187624,3502756
朱强,1078020,317803743
翟,1078291,5554821
郑子威,1023288,40198864
张晏铭,1084119,75380993
张力夫,12152019,69852547
张渠,1071044,422836260
张思桐,1039550,45357550
詹昊晁,1097002,80141489
赵鑫,10704,532665194
张尧,1018074,3048464
王以太,12236125,122596992
徐秉龙,1197168,122690538
毛不易,12138269,1461695826
艾热,1203045,57784700
张紫豪,13906123,258703030
李佳隆,12079219,307312386
沈以诚,12002248,5700063
徐梦圆,1142042,91075512
马良,13609637,574887172
ICE,13145283,1354452676
李袁杰,12420149,373666959
Tizzy T,1204010,125606117
孟凡明,12270575,59026970
$唐老师,12782871,328230796
Wya乌鸦,13527275,52460340
情词尧,14857181,511597171
Ayo97,12287118,326389681
蔡徐坤,12932368,120121152
功夫胖KungFuPen,12453329,122118059
暗杠,1198010,87518335
钱正昊,12118230,516143274
焦迈奇,12084229,256233487
广东雨神,12760978,602521048
张雪飞,12138252,320958360
小峰峰,790044,348308268
PRC 巴音汗,12464053,321508970
BLOWFEVER,12085017,308264373
苏天伦,14118614,378469573
排骨教主,12083175,84659294
Lil.Jet,12079066,275779639
栗先达,12027624,264256080
Cubi,12276430,408427336
杨多,13152025,124734081
虎二,12286700,436322729
齐一,1159045,97381806
刘莱斯,12205361,308544838
隔壁老樊,12429072,277313426
寅子,28868804,82311542
徐真真,12094099,315356768
接个吻，开一枪,12085016,114305616
前男友,12287780,117527681
Gibb-Z,13112541,347767087
雷智皓,12059017,110364218
吕大叶,12606272,577777579
刘思鉴,12798217,634548884
Al Rocco,12079186,258026347
艾福杰尼,12127564,129050734
马子林Broma,12798308,252917386
Lil-7,12360230,129973808
Fi9江澈,12052056,80709138
羽肿,12094419,295138964
李蚊香,12085569,44731017
YKEY,12083570,131264662
江辰,12641765,455725329
裂天,12050022,278816309
JAEFOREAL,12059094,270743027
掌嘴,12489984,295979657
Todd Li,12268138,109349540
吴海啸,12127154,297387027
3Bangz,977173,65478430
二狗村高富帅,13296197,1363099514
特曼,12185042,360276649
胖胖胖,12319383,331324511
Red Monkey,12350853,264152802
Y U Jay,12852558,415554001
留声玩具,1158100,53036631
马英伦,12114094,258353771
AR（刘夫阳）,12002184,253201754
MOMINJAN_ABLIKIM穆明江,12570017,277916469
KT,12194650,248956414
李迦南Doc,12119569,334724812
拖鞋pd,12146126,73941263
未来星B3Rich,1151001,92649937
DJ-荣大大,12520754,246332430
Vk,12126098,332174281
张佳伦,12158033,351364696
尚先生,1185054,108982975
崔开潮,12174110,357052795
Buzzy,12094558,82754103
方宇杰,15064461,287559082
LuckyMaxx,1209003,118645872
AirJordy,12050049,271228221
王极,1142011,90321533
苏亦枫,13866086,1427122057
allenvee,12259217,20235692
AlimjanHasan,12367021,370917604
小青龙,12199576,357675788
HOPE-T,1198071,45145557
黑崎子,12282733,270857750
万能青年,28304970,361944575
Sand,12271965,382181346
艾辰,12174057,356767794
青柠,12205140,344205427
英镑,12476238,398555004
Jiaye,12027336,68885810
阿肆,7122,73125610
Aki阿杰,188558,1249428
阿细,1049681,51785389
阿兰,7076,715085
安九,7138,1546099750
安悦溪,12457016,483673489
艾怡良,167006,1570487
安蕾尔,1047035,259099402
ARIS,12073210,300627142
艾菲,784444,514219089
阿木宇梅,1073068,1583463627
爱戴,7070,742139
叶雨蒙,12098013,409053099
阿朵,7065,478345814
阿斯根,7118,51575159
阿紫酱,12262110,90167400
艾格,12870621,440618658
奥云格日乐,1124458,311387733
艾丽雅,7116,44246501
阿妍,1124124,51533089
Anna Liu,992027,1860659
ASUKA,1101117,79603192
AlexiskWong,12136045,255824923
安顺雨,12061121,1412140196
艾梦萌,7078,75771
安娜,1032400,44005225
阿爆,12090100,345452964
AGG,7156,6476914
艾美琦,12137025,1439122999
不才,961358,29670148
Britneylee小暖,894035,5615862
包包.suyi,12103042,339048281
北岛诗,12828308,400981812
白雪,7203,369780777
冰冰超人,11973040,269161074
白若溪,7189,102577530
白云,996332,33814663
毕夏,886208,279110261
博嫣在旅行,1078051,68974498
白桦树娃娃,976210,3675860
半刃初蓝,1097160,33190145
卜小可,1046066,49382294
Bella,12176238,307151318
贝影,12576094,254929277
包晗言,12250204,389533324
BING,1174030,530603725
千幻入梦,1033010,33639456
bq就是BQ,1046487,50333327
陈粒,1007170,37179178
蔡健雅,7214,2287435
曾惜,1053026,19265477
岑宁儿,7409,53786921
陈绮贞,7217,45838336
陈芳语,8321,1663295702
陈秋含,13161063,533332212
程璧,973004,31360714
CRITTY,189347,34858085
曹方,7215,3668734
茶理理,1003026,120049291
崔子格,7481,1716483
陈小熊,861203,12850516
崔天琪,7419,5572977
蔡淳佳,7221,322145
陈嘉桦,7647,1389880782
陈瑞,7228,47793946
陈梓童,951001,358146677
陈珊妮,7216,1866127
陈明,7233,321001
凑诗,1079020,34430176
陈韵若,7342,42206507
陈每文,223780,420887621
池年,1172029,97690617
陈姿彤,791100,397922155
曾婕Joey.Z,1146112,92163356
曾之乔,203161,1393482225
常静,7242,26410237
曾小Cee,1047211,348310459
陈思诺,7483,546163389
王熠熠,1038331,15725165
柠露,1089157,48580147
蔡佩轩(Ariel Tsai),12326211,76581699
陈嬛,1004008,34429320
穿越君,1039897,829679
陈娟儿,7399,77306079
曾大块儿,12145017,340142566
醋米,1047289,39096340
YEHAIYAHAN,1045013,49037925
曾楠,1039021,45269299
陈小硕,12475317,1355935598
戴佩妮,7535,560438
杜婧荧,7591,73998132
窦佳嫄,12900544,75814216
DJ Soviet,999451,20098476
丁薇,7536,471204225
段丽阳,7620,1363807612
丁爽,7590,184713
Doris小武,1038231,1966591
大包子Dabozz,1046217,12214267
豆子糖,985006,6469462
段林希,7612,39004
丹巴旺姆,7631,407508118
带泪的鱼,166035,354987416
黛米,12097087,599241513
丹Sir,12872139,1552665404
单夕,817162,1344203201
邓文怡,12251309,483086357
董雪婷,1081796,73856679
丁酉酉,7619,182044
单丹,797130,2312129
二珂,1081635,104601777
二嘉,12976783,276096287
二直,1041100,37989998
贰鱼,1043193,47399156
Elle Qu,12087154,135405453
二米,1102228,80751889
冯提莫,12107534,109284159
绯村柯北,7730,85236467
千界,1043310,311353563
方糖泡泡,797269,47120005
范媛媛,7688,1348910610
冯佳琪,11974075,582897400
Faye 飞,12441367,493370265
方圆,7741,85615623
KuRy颜酱,1132167,71936850
付春霞,12108959,397677638
范小蛙,1047048,348036351
Fran,991217,2552674
冯圣雅,7728,263235
风中采莲,7663,126421837
范小倩,1080031,71003276
冯丽媛,223700,5986775
方琼妮,1074106,67934699
绯儿,1124367,61578024
芳蓉,1050159,1652452840
方迩羲,13023059,529663340
冯家妹,11994031,416047550
福朵朵与拾荒乐队,1033011,44332268
fifi,1026124,6547309
G.E.M.邓紫棋,7763,281382
高姗,816358,2787406
过又嘉,1061047,248458140
龚淑均,7866,393433808
郭美美,7783,32422243
葛雨晴,986035,40863632
郭燕,7378,77105
格格,7834,560521720
龚琳娜,7785,3426353
高丽馥,14313379,1457387259
桂雨濛,820308,567264359
郭欣桐,12458174,499906987
高晨薇,7876,274911630
乖白,12895024,495975597
贯诗钦,7874,363236755
干露露,686027,128142
弓秀丽,7877,85674348
歌手王可儿,1050164,53451400
关燕仪,7776,36436342
郭一橙,858378,6435413
花粥,8103,41999874
胡66,12947071,1423570903
何洁,7907,16058308
HITA,7898,34727346
韩红,7891,38964475
黄小琥,7896,684495
何曼婷,8022,496527056
韩旭,1192131,325748324
黄雅莉,7901,3062550
花僮,1026069,471218022
黄绮珊,7946,1652866
胡莎莎,805488,2442169
胡艾彤,1015463,447420076
黄玠玮 Zooey Wonder,976095,432349959
黄美珍,8107,1411458015
灰色,8062,98589685
黄婧,964292,20007932
HAMY何美延,13227448,1370029066
花玲,14885023,85963512
黄英,8006,433275940
胡灵,7958,2332105
AHeeWang,1045082,49236739
洪辰,8029,273626051
何真真,7892,449213999
胡芳芳,8017,2177611
黄晶,861226,47826659
胡丹丹,8112,72427308
蛤小蟆,849066,5692145
何璟昕,1043053,19703807
四四,1038350,45480118
何艺纱,8086,528087943
贺世哲,8066,485032971
胡拾梅,1146057,403825668
IRiS七叶,1047209,377859546
Irina,29961284,502280760
Aribex,1080043,70806793
金玟岐,893259,9814155
Jam,1071031,62448367
季彦霖,12262634,296605319
吉克隽逸,166018,259215771
江映蓉,8220,379108964
蒋瑶佳,12130015,97527155
金池,8162,2836846
井宿,1039270,9861180
Julia Wu,1108099,81184398
JUSF周存,1066136,59208709
蒋雪儿,8234,317799797
江一燕,8155,58627
纪川久,1047384,35701737
蒋欣,12043068,486539779
寂悸,976213,78287661
蒋道理,14468176,1478151619
涓子,8256,443100121
荆纯,12492472,345728056
姜昕,8146,51513607
剪影姐,905705,35587069
靓baby,29303239,1620821670
贾孟昕,1049568,51821283
九渊,1047362,287977730
Jenny伊,1039386,58688600
简里里,1050171,47650873
叶菁菁,12292517,423595920
括号君,1047179,262762579
侃侃,8291,490727091
可歆,189833,201088
柯子颜,12995419,1456215978
凯蒂·莉莎,837334,51874751
可儿,12136040,105902773
KAKA,12138430,117850564
匡桐菲,12302273,1516976515
KAMA,12251197,470383075
科尔薇,1124319,647246
可乐就是力量,15059542,452096684
孔兰兰,1156187,333677384
孔宪孜 Kyrie,1044148,9052414
KinmiDai,14098079,1344220361
康妮啊啊,29238347,1570265224
刘瑞琦,840134,3788031
洛天依,906118,592368368
刘惜君,8334,188186
泠鸢yousa,1047282,50398611
刘柏辛Lexie,1124151,55351525
刘珂矣,918054,16077471
乐正绫,1102240,592389038
刘增瞳,12176360,635877177
雷雨心,1137391,82888494
鲁向卉,893253,124977298
林斜阳,1048004,85221870
李悦君Ericaceae,8678,56720692
刘力扬,8341,2886771
李玟,8331,397289764
娄艺潇,714027,367974409
刘思涵,784453,2846014
李想Evelyn,1047130,47359552
李霄云,8614,31001
丽江小倩,8763,106510201
林采欣,784452,292148240
刘初寻 (二逗),12997045,1396896232
龙梅子,8711,77058
李柏凝,837653,3371247
吕雯,8452,409230668
李鑫玲,12783100,488192682
吕蔷Amuyi,12108945,93738915
洛萱,12074932,61666652
刘丹萌,8873,484076061
林和夜,8750,297196315
李沫萱,1039154,53231578
李潇潇,188337,35774346
流月,8739,69291039
刘晨熙,12108576,326486336
泠风,12541056,270046367
刘忻,8648,2873321
凌之轩,1049151,116368668
刘惠美,1014019,2747907
雷佳,8469,2367692
李尤,8399,1399923871
林允,12976778,266045496
李佳璐,8735,240698
毛衍七Vava,1038099,260247634
冥月,9026,5996816
孟庭苇,8922,18637918
梦璟SAYA,9031,2572537
门丽,8993,1516204174
末小皮,8992,203802
梦然,9039,105912554
孟慧圆,12091129,114701966
莫安琪AngelMo,1032022,42715902
木紫紫,1088106,78558862
猫女林,14714156,575445129
莫凝,9019,201084
茉茉天空,1024320,599566
毛泽少,1007158,655444
莫倪moni,1124291,311707198
「么凹」,1081251,100129133
慕容晓晓,8997,1650156
MusikM,1132178,18031034
马马,13972281,352819439
米线,8925,616024235
莫籽,13838174,1435432966
Moe刘玥,9016,38747197
马沂茹,961096,45549574
麦洁文,8927,128580034
马剑芬,735044,2244907
孟楠,8931,121318614
梦寒,1032409,18382708
沐雪晴,1039860,46408730
Monica不不,1053041,53212303
缦珠莎桦,1043366,1599789878
马璐,188035,370255281
梦柠,12810146,120592536
么么,1081646,64162097
马丽,12232092,578559056
莫君倾,9028,321413207
Lonely,1046025,8978921
张若萌,12121352,336397186
纳兰,9083,46642928
NaCl盐,15022294,103983031
納蘭落雪,1087531,29966039
鸟爷ToriSama,1032272,42792145
牛奶白,12073182,300141429
娜宝儿,1147055,90761491
妮那（Nena）,9890,45200391
ambernini,1077037,38931379
念蓁,1049438,51774423
诺尔曼,9067,265983235
Nona_Q,784350,1950659
Nangolie,1046146,49480435
年姐儿,1058038,41597358
过气小牛奶,1085005,75641706
匿名情书,29357236,1595107680
牛牛,12090083,272492119
南玎NAFISA,1039210,96601348
Nicole,1049194,51510323
Nop,30528285,291578924
Olivia Ong,9094,1396876566
only胡迪,977048,32172260
loser_XC,991051,33597679
OnPound,1050255,53508296
彭佳慧,9102,3550042
Pig小优,11975104,99274554
潘紫妍,12523504,1314182949
彭青,9132,337264
Padalecki小明,1088115,45507516
破音,9143,356467660
潘辰,9126,189120
潘虹樾,9114,1569170140
彭筝,1043485,47708397
PINAR,12132190,270705373
潘小芬,1019016,37355593
PYC,13924074,93153674
彭琦,12636887,498731994
彭雪,787055,1878951
杨青P.A.M,1039443,327794597
佩希,9151,256594807
Proud Queen,1046143,47340485
秋仁,12285030,336338886
祈Inory,189577,286984347
清弄,1047014,33267773
庆庆,12108537,332717292
晴愔,1046506,59690045
齐栾,9197,58119243
圈9,12108564,45500785
祁紫檀,1049443,68497830
秦岚,203172,216270
秦洋,12766324,319276201
倾夜,1047188,66442491
卿卓茜 ,1039007,31245021
秦兽,1050483,41302615
青子,1081285,51134048
PEACHYOI,1081748,31210389
齐雅,9224,286509721
邱斯琛,15248010,493180241
轻檐,995016,33685125
圈Etta,1064115,65308439
曲言,896723,16595023
七街小屋,9219,195926
任然,9255,105753794
任家萱,9438,1389886747
Rita黄汐源,1192130,111439230
Ramila_Rozimamat,1083010,55813126
若紫鸢,791342,38511205
Riyo橙,9262,3260782
阮妍霏,1087826,80656036
任舒瞳,12390061,451595348
REI泠千夜,1106089,80562514
renyi,1070055,32096102
Rachel Chang,1039896,42270417
芮甜甜,14098064,1616830299
riza,1043185,47335415
任施思,12049150,507275814
任金燚,28835229,122386959
萨顶顶,9270,106697055
三无MarBlue,1056002,49642138
孙露,9292,492604408
少年霜,1047248,90697271
少司命,9455,117695592
司夏,10089,117962102
苏运莹,1193259,1577657698
邵夷贝,9352,64336079
Serrini莎妮妮,916007,281199688
尚雯婕,9276,188304
苏妙玲,9424,380086390
苏仨,1047098,280875423
孙悦,9294,199019
苏勒亚其其格,9380,491126153
山猫,1047274,46435216
斯琴高丽,9286,58053
孙艺程,9421,265122
苏丹,12878049,622410690
Shawee,1038386,60114131
斯琴格日乐,9287,564768188
十三妹,13840570,1335385818
索朗旺姆,9392,345204319
珊瑚,9399,590061845
宋梓欣,27694720,367482785
沈曼,1088038,1524665647
田馥甄,9548,1390743380
谭维维,9489,2786101
兔裹煎蛋卷,997001,41017903
Tacke竹桑,9566,77612322
檀烧,5271,91905239
昙骨,1132075,85195391
唐宁,963621,16883382
徒有琴,9572,313402123
唐古,9577,205887
Tie Yann（铁阳）,1020090,39574391
兔子牙,12492257,1309313355
佟妍,860867,18282142
唐笑,9553,252403
童文沁,12192146,361957147
唐妍,9591,247114565
田子晴,12238015,643457725
陶格斯,9538,496742628
Afra Cheng,1081184,71710435
Vinida (万妮达),12001060,77698284
ViVi,12370204,328891385
VIVI,12262366,304440178
王大毛,13128032,1366804630
卫兰,9605,623810053
王若琳,9604,1526480819
王理文,13581257,1394257354
王梓钰,12048239,483403474
魏新雨,9823,264083
王诗安,805419,341834134
魏如萱,9609,60779104
王天戈,12390184,124742759
王俊琪,12647583,95925672
乌兰托娅,9635,292080
乌兰图雅,9838,3101030
王呈章,12232132,630919133
米雅,9620,73765201
王筝,9607,1728304
吴映洁,1049172,341898507
汪睿,954037,1906490
王珞丹,9772,483231930
王蓉,9622,41110075
魏佳艺,9736,1317485498
文慧如,12176216,1393486255
惟安娜Vienna,791411,52829347
王麟,9687,190001
吴莫愁,166009,650120
魏小也,30109252,1658383462
微笑,12047827,120992117
王冰洋,9647,1339553405
魏瑾,12807016,247165046
魏雪漫,9643,38966103
王韵壹,9930,334393
网易云音乐,768306,1
王珮瑜,9842,455662565
吴文煜,9809,613486971
汪源,12276904,411328543
王璐岢,187580,36500283
王瑞淇,9812,316994680
吴琼,9682,265098
王一鸣Iris,1060056,56882957
王亚男,12074345,118238131
王胜男,9808,80375
吴汶芳,1046249,285352493
徐佳莹,9940,2079882
谢春花,1039895,46309613
谢安琪,9952,3419141
玄觞,10142,279033860
徐薇,978026,46883372
薛明媛,12408182,433098126
许飞,9941,166877
许茹芸,9943,1314752008
弦子,9939,2437865
许亚童,1040196,41015903
许多葵,189961,18461341
小爱的妈,10141,6177307
星尘,12046092,1358655108
夏婉安,905476,1572179362
香香,9959,1352607647
徐千雅,9963,197534
萧潇,9947,104894463
萱萱,1025209,1342934713
心然,10063,429447825
嫌弃,1044143,52630746
夏凌兮,1132437,85666219
徐菲,905891,15774165
夏羚雅,1078056,7653993
徐歌阳,12403118,251753046
黄小岛,1063104,1597677
小鱼萝莉,797073,89810987
谢容儿,10096,168814
宵上淇 ,12144061,360171763
悬铃木,787169,1642564
想想,1032035,76688112
薛晓枫,10082,474828130
雪无影,10108,200128
希小宝,13128015,1350975426
西柚,28085400,636607015
夏铜子,1043059,5721306
夏一可,12675330,70318152
小冰,12377043,437132790
小不点,229994,120148402
谢丹,10163,340116761
徐海榕,7136,569617293
银临,188565,2688170
袁娅维,10473,276513441
于果,12262303,17723874
云の泣,981005,76000318
郁可唯,10200,418181637
言和,983028,592388029
燕池,975482,31694264
姚贝娜,10371,5986737
叶里,1039314,57191346
杨钰莹,10206,6732653
于小冉,12108093,253630078
应嘉俐,10396,397734717
叶蓓,10197,183089
云菲菲,10370,67619109
云朵,10412,290040
印子月,1026105,302997046
叶炫清,12186038,538221976
阎奕格,10387,1391660259
玥霖Gabrielle,973184,32406261
尹姝贻,12656142,11445282
樱九,787040,1886166
杨烁,10552,1677524147
叶齐心,12247047,302249337
唐媛【汤圆】,1086017,76422448
伊晗,12154087,368262929
闫月,10223,29257356
Y兔-吴雪瑶,1041053,57190351
于冬然,12441086,259108156
叶雪如,12457100,360789683
袁哲,10389,495232668
袁姗姗,1002075,297186827
袁惜君,799055,2290151
杨一歌,1193114,93792995
袁莉媛,1155033,321326064
严晴,1046028,92668885
姚雪,13838020,1459863357
周笔畅,10558,93998259
张惠妹,10559,29879272
张碧晨,1024308,37132109
曾轶可,10750,1651146
赵方婧,12023202,367675255
张玮伽,10924,52418930
祖娅纳惜,12279635,345116431
张叶蕾,12213291,595116929
朱婧汐JING,10582,6285759
庄心妍,167013,180365
左颜,1058190,62635803
只有影子,10902,318158511
张玉华,10578,1650467915
周玥,961055,326228708
子弥,1063107,74105402
张三弥,1047394,50966611
张蔷,10589,6772186
周蕙,10569,1391625447
Joyce Jang,1038117,45036046
周桃桃,12411132,1600789438
钟声,10942,48687611
张乐,6677,319790939
郑晓填,1019439,107379412
周子琰,13228114,90348
Laxy,12810141,101151336
张瑶,10597,203762
卓卓玛,1045085,49249662
周芷莹,1078368,69992479
赵大格,12165010,346087400
郑茜匀,12087137,442548435
张蕙兰,1147156,268440161
朱哲琴,10567,3466179
周楠,12646711,368354220
张怡诺,1155080,1313290750
张贝贝,12262993,407580603
王贰浪,14312549,328199093
双笙,12025552,135214753
木小雅,12037229,42169109
买辣椒也用券,12085562,17680337
阿涵,12292708,415628632
封茗囧菌,12172529,51634896
AY楊佬叁,12258420,912583
凯瑟喵,12003038,74520813
锦零,12277185,334310904
李瑨瑶,12038016,46321079
陈雪凝,12382970,345110063
曲肖冰,12419710,246330929
漆柚,12084352,77210959
鞠文娴,13112043,301105767
杨梓琪呀,29052216,551394936
宇西,1158065,99041184
周星星,12157330,6541222
陈壹千,12077204,102113052
桃十五,12386867,115123797
李上安,1198113,121096019
麦小兜,12288688,420182145
菌菌酱,1197126,98900513
Akie秋绘,12184145,330442869
NINEONE,12276375,297467239
阮豆,12172496,122051304
习谱予,12472506,310363670
以冬,12065133,96349796
CANNIE(晴子),12064097,46505922
李哈哈,13450163,363609441
小时,12079173,19262156
祖小双儿,13796005,1427828938
卫彬月,12184568,342700258
李佳思,12120088,329771749
阿冷,12452098,293485160
野小马,28416044,428375801
龚子婕JessieG,1213008,78863991
齐悦,12071053,289448313
徐海俏,12037181,88816870
果妹,12936258,1304338980
Biscuits,12120174,68322211
Quinn葵因,12291562,421535995
程嘉敏,12227509,275861585
愚青,12109163,6979313
黑猫,12383659,111902440
丁芙妮,12206844,277049815
亮声open,12093597,320123275
孟大C,12065031,81263155
谣君,12282385,383057348
Hero-R,12360098,371334192
ZER0,12128010,87536076
洛尘鞅_vvv,12205120,118511971
郁欢,12271646,281202313
kidult.,12194916,258834683
夏璃夜,12236114,101903202
千月兔,12111209,87973101
南偿,12085330,52791260
程思佳,12200577,78611724
苏诗丁,12105057,67426117
颜妹,13148288,265660886
李诗萱,12454966,440475346
小白羊HUSH,12568026,286805800
千秋雪Candaramsi,13867291,574007775
王金金,12258611,393063365
大笑,12084525,310759499
紫堂宿,13794759,369779127
王欣宇,12185714,260024953
倪莫问,12140348,90822093
苑笙,12287393,348436076
张罐子,12126791,88828575
河豚,12228729,67564232
傅酥,12138215,106274296
黄诗扶,12308369,109558117
居里里,12039080,263425390
李惠芹,12085134,301531055
蜡笔大Boom,12185379,37969942
kie音乐,28300922,1530607812
欧阳耀莹,13451731,1303945685
Y.A,12258615,337577040
阿泱,12228582,288340104
执纸大魔王,12119310,714607
MoreanP,12275337,314758669
林嘉莹,12276581,404987872
熙er,12308198,429565971
方拾贰,12194080,121318879
初夏小溪,12125049,258945916
芝麻Mochi,12195788,54437043
海草,28186244,266542634
李贰叁,15196423,19538974
纳豆,12308136,264308724
小嘉玲,27871544,1417439444
喵酱mio,12204264,282290625
阿颖不说话,12199577,370745697
苗田雨,27730160,352349254
木秦,12769394,530997501
熊子,12084089,130574637
不萝,12579333,294873439
蓝褶,12271427,267419706
兰芽yaya,12226365,259070341
柚子茶,12198057,129345767
匀子,12206504,73851741
ANU,12074125,36987100
ATM顶级玩家,12729365,440673995
安图声乐队 ,1049310,34409321
爱朵女孩,11933,573158975
A公馆,11066,309914696
阿吉太组合,12031075,437753202
AK(AK47)乐队,10996,474074428
安妮朵拉,11058,436986506
ATF,12023290,261404114
阿基耐,11039,596223193
AOA组合,721016,203839
安达组合,1060238,263289358
AvTProject,977051,32219315
AmaO,1145050,32861401
奥利,1019382,38559485
SHEKHINAH | 安娜与陈飙,1038347,61560059
ATBT,1047045,50503242
Anonymous Annoyance,12492162,529984211
Aurora Record,1099007,76750084
戴盡欢,1086100,42007332
越轨,11029,251958053
Azure,1043292,309895306
Ascension Music Group,1039570,469952599
Asymmetry,1050149,53336990
ShitheaD,1094316,29772749
a tempo group,1032059,42760411
布衣乐队,2092,32508689
Bad Blood,11115,284535686
伯村清唱团,1046128,260395058
BEJ48,12107315,303242518
白噪音乐队,1054042,59377663
薄荷映像,860733,284754087
驳倒乐队,1058088,344359554
布皮树,897191,127424891
暴走蜗牛乐队,220934,44974011
Baby Formula,844727,5912728
Before the Sunrise,1050236,3129011
板砖樂隊,225536,16070947
极战,11219,335249002
Blacklist黑名单,1050586,32572125
冰火组合,11124,30514178
败犬,13158084,112287730
Babel Records,12074869,98188205
变色蝴蝶,11110,47041753
Blaster,12474321,512709526
边际自由,964448,29874991
北树乐队,1011062,39087403
Burnmark,11162,50372233
不复之血,11167,472047
不是乐队,1037004,47044234
爆竹乐队,1089220,79082091
CNBALLER,12191014,124905206
C-BLOCK,11257,124605201
茶小姐和熊先生,948007,19388479
草东没有派对,1161122,271448630
Calculasian,961071,319853231
刺猬,11238,1312472018
茶凉粉乐队,11286,72440814
晨曦光廊,11318,5573428
Chinese Football,1081839,73918575
C.T.O,27695613,1524443045
痴人,11240,30240894
超级市场,11236,93327064
CEM Records,1081207,66260470
重塑雕像的权利,11234,120459086
Casino Demon,11364,344654035
赤褐色,1033019,44359444
脆乐团,11088,1426731574
仓买,1087693,12444179
草原兄妹,11308,2419291
Chosen one乐队,15023189,1576974423
耻骨乐队,1041034,40823352
CollisionDreamer冲撞梦想家,1045044,49166364
CORE ONE,12533261,130537038
吹波糖,1049509,1003312
Chochukmo,11302,71357997
Cosmic Child,12262666,1537802327
CMCB,1116139,373834728
炽潮,11334,133058213
CS晨悠,1030008,298705834
Close To Abyss,986255,135449265
艺海鑫宇,1079028,61573629
CCOMSyntonia阿卡贝拉人声社团,12256065,253108981
海德汉斯组,867065,7277209
冲击力乐队,1182879,589491584
MESS（迈斯乐队）,1050166,2898676
Chaos Mind,11309,431000539
丢火车,11370,2331399
大乔小乔,11358,567756343
动力火车,11363,1391625247
打扰一下乐团,1032426,75065679
岛屿心情,11481,84721728
爱星人,1050216,53181000
Deca Joins,12463331,1345948049
低苦艾,11365,99588611
大贺兄弟,14470317,1390408159
Days,11505,14160022
大庆小芳,11482,86118
DSPS,12274422,1485511002
DANK,1039098,41696663
渡鸦,11367,7024944
颠覆M,11372,320456221
第八音符,808048,2574477
大波浪,918003,16788329
冻结土壤,1049235,531105062
DA BANG,11368,446075996
大象体操,776850,29982115
DeepMountains深山,954425,19502679
但丁之舟,224929,61866131
大卫之声音乐事工,1045059,9090202
Digital Beats,1015212,262619870
大悲,11459,322735536
DREAMIX,1021324,39835887
堕天乐队,11431,281793469
电解质,1068013,61502422
大魔王,11483,108850337
DDM,11457,47301679
米西音乐,1032143,42824965
Dead Narcissus,1044199,32279468
DreamKi,857111,246991174
耳光乐队,11532,49149967
Elenore埃莉诺乐队,11550,73002085
上海 Echo 合唱团,1081135,71626005
恩上恩组合歌唱乐团,1116003,82095918
Explosicum,11518,44225277
F-FAX,905009,634952872
EsregBug也色若,1053154,58808251
earlybus,905097,14018917
儿童医院乐队,92151,34483174
Easy Rider 逍遥骑士,12394249,475099883
房东的猫,1050282,3375937
F.I.R.,11562,7550262
凤凰传奇,11564,267439
F.Be.I,11653,316731002
反光镜,11558,6735061
翻糖乐队,1132727,86407814
Freedom Plant Music,1124322,84003025
风见学园蔚蓝组,1058129,10072244
Frandé,11623,429569383
发条卡目索,11603,1771928
非樂原创音乐工作室 ,1039025,262578271
废墟乐队,13589,444755505
Fayzz,1132066,84970087
Forget And Forgive,11608,135390694
Acrush,12408206,328079200
饭谜力,12551139,348242767
非鱼乐队,11574,34807095
FORESTS森林,12964,64777084
繁世樱落,1164025,355611515
fresh极客少年团,1031010,42325491
FI鳗鱼同学,12479080,513760746
From The Red,11593,1538707348
飞石号,12155374,60337780
废埕乐团,1192499,1411422826
疯医,11614,276222985
发条傀儡,1089230,79137130
Final Tunes,1071016,65776462
芙蓉帐暖夜笙歌,1050260,19549038
反调乐队,1078318,44188222
Force Defender（坚定捍卫乐队）,1039874,421505952
Gosh Music,12072073,107664262
GALA,11679,80327
果味VC,11680,232762
Glow Curve,11728,283379517
赣斯特G $wag,1094247,42918104
Groovemiki,1039864,47451704
钢心,1041153,257286751
鬼否,1044206,48488376
醒山工作室,1060161,62897894
过失,11682,1351757770
歌舞姬乐队,1069006,36190643
光速飞行,1049149,18771806
GoaProductions,1049305,67431838
贵族乐队,893288,278803532
Gryphin,1044090,48237891
孤独骑士乐队,1047393,480267295
莞城仔,1073038,276909356
光音乐团,1018101,37413325
高速轨道,1038112,569175
gabykids,1066031,78782306
羔羊的葬礼乐队,1046070,47586399
改造人,1019113,37620084
GLAX,1050450,55558520
Generation,12577269,89807153
好妹妹,711683,556458
海龟先生,11830,120092
黑豹乐队,11759,265170
黑鸭子,11776,2136229
后海大鲨鱼,11760,251415443
Hello Nico,1015069,310094759
Hope组合,783163,3127199
幻境工场童声合唱团,12556082,551694412
HAYA乐团,11794,2812914
黑薄荷乐队,1058230,62788145
火星电台,1046338,18938507
HIT-5,11797,224005
大龙小龙DLXL,12091041,490113947
昏鸦,938016,93502858
FREEHAND,1043183,47314937
琥珀,11875,561254196
嘿！！！,11856,1467312094
Hang On The Box 挂在盒子上,11678,558243372
荷尔蒙小姐,1043362,115981435
海朋森,1051015,69039445
Favours!,1044032,2659960
红色浆果,11889,3560958
弘诺方舟,1081347,71111398
黄灯车库,1044121,48303281
Hyaline Gap,1011186,35821791
很大胃,1046165,3261829
黑白格,1039279,441226792
坏哥哥大乐队,1060036,62681282
赫和美罗,1193375,97799848
黑戒,905276,14166312
IDOL SCHOOL,1132642,281737036
ICE MOON,1049924,52760998
IP9,1015002,18232632
Into the sky,985238,32949623
讲者,12000,248735073
觉醒之心,12057020,76395934
潜水大象,1132214,128115839
江城原创音乐团队,1058045,41109053
简迷离GEMINI,11949,7270743
基诺,854613,99286868
机械懒猫,12036,12460548
Jeremiad Always Twinge HuaBai,1019386,38624634
鲸鱼岛乐队,1028057,18975083
寂寞.夏.日,11957,455335447
加减乘除,12468117,1494867268
敬拜之声,1102108,496767
惊林 ,1073013,10111056
教父乐队,1060237,63090534
节奏旅行家,1050398,12336730
惊叫基督,11998,69981038
激肤乐团,784340,362478654
蒋亮的声音系统,12009,135798261
江河乐队,1049853,52508230
加减乐队,223706,298808535
记忆的盒子,975811,31907946
嘉宾乐队,1083027,74556586
胶壳,11992,434080789
就这样乐队,12870717,287785218
MP记忆碎片,1007183,35102676
卡奇社,12054,324337420
Kolor,12066,348814564
Kawa,12144032,295829257
康姆士,12090204,416001073
KingStar,12076,200088
咖啡因乐队,12055,86502078
康士坦的变化球,12232080,1539717609
咖啡与猫,1061029,63887303
KID PUNK,1085032,57539973
扣弦,12080,468080348
空气墙,789473,42338819
康熙,947002,19479435
骷髅头,979002,32443602
英雄联盟,1047337,482638336
乐华七子NEXT,15021290,1493850928
龙井说唱,12181,2045995
旅行团,12111,110062099
LOKEY低调组合,12258996,546703598
棱镜,1085047,6356356
零点乐队,12115,41356467
理想后花园,844646,122187
龍胆紫/PurpleSoul,777622,394762753
鸾凤鸣原创音乐团队,991218,91088371
浪荡绅士,12194,85052881
兰眼睛女子乐团,12227298,378907231
六个国王,12113,45933912
L1STALLDO(厘思翱渡),966147,19815668
兰亭,12142,33220555
Lost Team,1049223,356586189
Lilith乐队,1044100,53346307
爻-梁颖,886237,51005416
冷冻街,12131,49922534
Logic Loc,1037016,33666655
Lunar组合,1066088,562397514
聆古遗韵音乐团队,1061025,52645076
龙锦,12174,10005085
Lamplighters,12899379,98347664
Los Crasher,12247,481942127
零壹乐队,12114,79237271
Light说唱组合,1049052,51284368
良人乐团,967049,342731
冷酷仙境,12112,9572438
六弦诗,1088142,78774502
LTN乐队,1079035,70190583
乱战门,12233,107804093
琅琊阁,12236,2290974
逻辑失控,12134,17607828
雷米乐队,1048044,15403738
浪,855371,96571940
旅行者,12119,128794764
猎魔人乐队,12020123,257130892
六道母Luktomo,1050658,56796706
懒猫乐队,1050388,54326798
楼兰盒子乐队,1039742,91598528
蓝狮爵士摇滚乐团,1081729,73354648
ThePisces双鱼乐团,828169,88692381
力量之声 (Vocal Force),12629175,1541122520
摩登兄弟,1094010,355676505
满汉全席,1161201,64846286
墨明棋妙,12269,2508892
MissMass,12011092,260063341
门虫,979033,2240182
MIC男团,12356,1792308
马赛克,12328,18884746
秘密後院,12263,5913492
萌萌哒天团,1040065,106311089
蜜糖先生,13248,137698263
MINSTA,1124109,83635372
Mr. Miss,221425,51108170
麻园诗人,4556,1652537
玛雅,9002,348840486
MR-X,13972114,1496721254
梅卡德尔,851364,3028381
MusicLoop扭蛋音乐,1181092,68600340
GMRemix,983056,32783796
面孔乐队,12270,253610706
马斯卡乐团,12374,163006
玫瑰木子弹,1032379,49479496
Mr.钛戈,13838518,598164821
蜜蜂少女队,12053106,478243022
迷音Los音乐团队,1039735,455518813
不优雅先生(Mr.Graceless),12371,3789718
悶餅,12128611,342197871
MERA,12544752,561866094
Monster KaR,11693,45314529
蘑菇兄弟,896489,18913679
Manic Sheep,1019350,425449257
弥藏,12313,615036674
MusicFrog青蛙合唱团,1011034,35700242
梦灵,997003,529097785
马小野乐队,11980,153376
庙乐队,1049462,295988373
冥界,12321,264170316
Multi-Ego 猫踢狗 乐队,12366,132276351
Modern Children,12378,407893294
米次方,896183,9604448
秘密行动,12380,31937323
梦乐团,1032248,79130986
马帮乐队,1084210,282894702
麦组合,12783012,631163135
MisterLady,857095,598371870
暮色绽放,11655,262047655
南征北战NZBZ,189873,263090927
牛奶咖啡,12437,59922671
扭曲机器,12436,78927619
南无,12465,123169
脑浊乐队,12442,14183995
南瓜妮歌迷俱乐部,12475,1473348970
南二巷乐队,1084163,75520410
幻華楽,1054111,59575142
NINETYNINE 99乐团,826174,377989511
南方二重唱,12440,1110175
逆耳,12502,47060860
南方小镇,1046467,29901112
女孩与机器人,13067,1553953243
南希乐团,794414,103247400
暖乐团,12448,436846031
Nower诺尔乐队,1039376,136948323
Namigirl,768201,1293625072
Never Before,999007,374935103
鸟撞,12594165,1664447079
南十方乐队,1078418,70098593
喃乐队,1074047,67636842
宁夏制造,1039681,45975669
妮可酱,12053194,1553979174
南域之声,1049229,42727123
南北方舟,30480980,1655695271
NOSENSE无感觉,1079022,70064821
Odd Couple怪鸳鸯,1039319,57775024
oNEwAY,12510,365472388
Old Doll乐队,12520,121179007
OOC控制之外,1015208,36496036
OLDWELL,1077084,65993330
One More,931006,37782595
OVDS,13487164,1554358119
霹雳布袋戏,12639,1521979008
盘尼西林,900021,2331324
坡上村,839563,123180
平纱落雁音乐团队,999215,61257969
PANDA组合,12334329,345870023
葡萄不愤怒,1012004,104101542
Popu Lady,687007,1393130064
飘乐队,12537,255305344
P.K.14,12532,39025966
喷嘭乐团,851210,1656696
pentatonic,840471,46967422
Project Ace,828124,52433519
PUD MUSIC,433848,36608144
PUNKHOO,12550,255487743
PNC说唱,4760,330205281
Parasitic-Eve,1040154,248045297
皮痛,12557,491052808
Pink Chimneys乐团,1018038,37312929
Pyroglyphix圣火令,1060065,62902520
啤酒车,12597,473138643
Peter Fish,12503028,490994536
ProgressiveDigitalStation,1132054,79042569
Power Milk,12930969,250771266
配位体乐队,1039732,66887742
林涧,1038082,36018722
PRCrew,13161023,280749112
Pink Berry 品客暴力,1023307,40229268
PSYCHO SKULL 疯髅,12647840,258246449
茄子蛋,1039873,590126810
七朵组合,12651,544318287
青春美少女,12718,447564314
Quark,12656,71083188
青年小伙子,13492,466217
秋天的虫子,12607,562295876
七音盒,1073034,67495908
潜逃乐队,1015001,5186971
青春老少年,1032106,42814855
虔诚之旅,1021156,39656858
谭心想,1038413,96188560
奇异果音乐制作团队,30616406,1679565011
RAiNBOW计划,1047139,78550262
人衣大人,996336,62890926
热斑乐队,828154,3140145
ReDor锐豆乐队,787034,1551356
Running Blue,13643015,1398420036
人声兄弟,1132327,1521041293
RCVO粤语配音组,1135093,103729897
Romantic Fear,1094006,79316771
燃烧青春乐队,1049494,51795254
Rainbow street,1122173,83276571
Red Road,1217001,41222928
Riven乐队,847420,5640228
Return The Truth,12698,325544171
Soler,12721,30816094
SNH48,794014,39979411
SING女团,1132343,308146042
树屋女孩,12107270,474112646
四枝筆 Four Pens,792422,389054486
时光胶囊,855599,53763144
Supper Moment,12864,33221415
Six City,12840,71417235
孙无忧,1074119,2992406
树子,12853,305237719
神马乐团,12933,478909498
SWIN,12143081,534733334
丝绒公路,12877,351683110
山人乐队,12717,363925931
肆囍乐队,1002084,34348307
声音碎片乐队,12710,319910944
甜約翰 Sweet John,12948070,1315668033
Show Me The Party,1039879,6761673
舌头,12715,3885860
声音玩具,12711,121998775
时过夏末,12838,437170
释魂乐队（Soul Liberty）,1105122,88647699
AllenJ,1101047,80581803
霜冻前夜,11565,251538345
闪星Twinkle Star,13056,418121343
刘冬虹与沙子乐队,12713,376648724
上海交响乐团,12820,1442271708
T2o,820276,2728332
Schoolgirl byebye,1194019,112526686
水怕,14119110,417936269
三藏梵音,896350,10335535
伤心欲绝,12488166,1390802998
Smooka,1054113,2043176
守麦,1041064,30132451
BuYuK团体,1094005,49522856
水母乐队,12747,3033739
Summer Sunshine,12866,34828723
Soulspeak,1135224,87747139
三维鱼,12960,200567
声体乐团,12557247,363685432
羊秘密,12828,52272738
S-AK,11975133,107850375
逃跑计划,12977,111737
痛仰乐队,12971,31854110
TFBOYS,827728,61737867
土不叔叔乐队,12074054,336590512
阿修罗,10997,126054121
天堂乐队,12984,264007
TONICK,1058078,62483394
藤乐队,1102294,81158992
太阳部落,13084,509825464
铁风筝,12990,6206039
童党乐队Children party,12989,119885297
The 3day,12197135,118406488
TINGSHIGHUCH,1122036,73306376
the Flow Theory乐队,1081467,72771798
偷喜办,1063008,106373014
天空乐队,13038,2292598
听雪阁,1032249,42989030
T.O.B戏子,13413,116128701
The Will On Kill,1049278,51490397
Deep Green Sea,12978,338303618
DJ Zacco,1132093,68112227
法兹乐队 FAZI,13117,258078489
Thud,1161089,1464134048
THE KEY,1054135,37579035
糖心少女组,1039892,46501655
铁树兰乐队,13090,73583645
唐人街乐队,13138,5990031
蜜桃乐队,1039378,248797623
Team Spark,12676362,1400112545
特殊任务乐队,220792,312600853
The Bright Lights,12023396,312829158
天行健乐队,13043,118091124
铁击,12067013,1525578709
大主宰乐团TheMaster,12332018,327263601
推,862005,26318142
塔罗乐团,1032095,316866397
太空漂移,905321,14159235
TheProzaX百忧解乐队,1048015,51120772
UNIQ,1015121,41028283
UN1组合,1011189,35853063
U180,5334,2085347
U.TA,13163,1440954711
uncle2,1106052,12704670
Vanguard Sound,13185,6770037
VR-ONE_PLANET,1044125,48260440
V7,1040130,342851940
顽童MJ116,13200,592434267
五条人,938017,17684721
惘闻,13188,18242868
未卜乐队,1054178,58798183
雾虹,12323159,496699813
萬重乐队,893283,18355951
卧轨的火车（Railway Suicide Train),1016169,339172553
未完成乐队,1081451,72711622
WAV,1084125,75388755
袜子小鸡,13281,8918479
邬先生乐队,1132219,85110689
温莎森林,1023082,40427139
玩具船长,13237,5974851
微室巨像乐队,14098171,1289250498
无妄合作社,12817018,1515415382
万塘路18号,963176,30536935
微乐团,1043263,47464685
瓦依那,1026119,41578787
莴苣先生,1061009,33376524
伍个火枪手乐队,1087009,76759033
WhyOceans,13258,470022480
威尔先生乐队,1078305,69476607
悟乐队,1050464,37318677
微笑公爵乐队,1135161,60978501
网易CC直播,14711076,251285211
The Wasted Years,1038226,18691004
Whisper Of Tears,13212,262060886
我的男同桌,14586931,1468880861
网易音乐人,12785088,201586
Wanderlust,13249,121060282
五音乐队,1132489,65139915
我爱美女,1084150,2952860
问乐队,1079029,70187486
忤逆乐队,1131023,84560082
顽乐队,12647741,362613616
乌骨山羊,12000040,127881982
新乐尘符,12503194,528023968
信乐团,13283,878562
小旭音乐,900347,818179
夏天播放,1006074,34537993
汐音社,1170004,49404194
旭日阳刚,13366,207306
小老虎,187462,79233832
西游乐队,13398,17951607
旋转保龄,850026,90530215
小雨乐队,858167,6426331
小舟与旅行者,13363,59860745
仙童,1060242,63660473
嘻哈研究生,1049277,51638047
雪沉乐队,1090021,79171438
新乐府,12031090,352619093
小于一,1043481,47768252
相对论乐队,13331,367217387
香料,809020,274302287
向日葵乐队,1102310,69256733
玄乐队,13378,483206223
星号69,12384062,129559069
熊猫团PandaBros,894070,9348738
XjMiracle,1124361,82948771
戏班,13380,643648217
玄鸟传说,1046205,79143469
小亮,12020133,437591538
星球撞树,12122128,399542758
新香水,13290,332156049
显然乐队,1193436,1524476027
小巫师乐队,13370,470117454
熊猫眼乐队,1132085,81959239
宣南乐队,896340,9941118
小红帽,11987025,447883236
新干线乐队,1081761,66449823
VERY FICTION,1038392,45677538
烟把儿,1021160,39698020
羽·泉,13418,200645
一三,962079,17896279
月之门,13540,45918115
与非门乐队,13419,9921632
Yonder Voice,13535,77891034
永动机,13526,12195218
野孩子,13416,41710014
衣湿乐队,13529,2446765
Young Time,1051012,18894517
液氧罐头,13425,2332234
耀乐团,13531,281138
玉麟军,13505,37240186
原·味,13431,435645733
yourboyfriendsucks!,13549,266133836
腰乐队,13421,29891592
野外合作社,1032146,42841959
夜叉,13427,277342658
郁乐队,1018125,115806506
羽果,13422,304790080
诱导社,13430,60452518
雲道娱乐,990291,33546225
一指团体Afinger,189836,130327079
夜虎乐队,1132954,86949948
罂粟花开,1049561,51791851
李骊歌,1124519,9766063
有沐音乐,1116316,113631134
鱼尾纹,6227,284448492
愚人船,6179,296146021
渔圈,6310,446617366
吆拐和吗子,1019365,9599317
源君,1026031,10228198
谣乐队,858267,6680765
押韵机械人,13459,298277770
因可INCHAOS,1088045,78275301
严玲严莉,12389081,1345142375
异种,13571,1290869721
牙龈出血 Gum Bleed,13510,533839915
异论,1058209,116421690
优雅的迟到者,996033,33741566
至上励合,13584,2917009
展展与罗罗,12475735,1306543370
张玮玮和郭龙,173002,65104037
左卡,220811,3720956
脏理儿,1050549,56280373
左右乐队,13594,112524498
ZingWay,1098088,50301017
正皇旗组合,1043180,378983063
指人儿,13585,49156054
重庆孩子,12227,267710271
沼泽,13590,18336495
左安西西,861224,512105152
再循环乐队,13649,137250
重返袖珍时光,11311,36572043
战斧,13586,3796088
葬尸湖,12118,126990891
窒息乐队,13602,417591274
战旗乐队SULD,1094315,52469331
郑知文,1046278,30711822
周二下午谁没来,1064092,16656999
嘴哥乐团,13692,303252824
Zaliva-D,13643,13985644
紫冥乐队,783221,97055581
ZETA,1064093,60388717
炙融合乐团,12740337,1502749859
自画像乐队,985226,90707012
张荣凯,1043536,37080077
炁体源流,1078315,46547858
子路,1050733,57149004
再说吧乐队,1132916,86885310
ZERO,1041103,46895326
浊乐队,1019084,37587826
Higher Brothers,12002201,123092357
音阙诗听,12174521,92105464
鹿先森乐队,1195028,290337305
安全着陆,12204436,583059774
Gifty,14017398,396432629
88rising,15022053,573745965
昼夜,12052034,48928805
Fine乐团,1160085,100167517
不靠谱组合,12296026,132975717
HAS,12359027,278301956
BRGang,12056078,285731355
洛少爷,12060031,49217974
橙光音乐,12063096,254162274
Maxone,12001082,131237407
千坂,12138261,97909924
长气制作,12039082,271177556
一棵小葱,12128298,72111237
PRC,1207041,128914253
SevenGurusFamily,12360194,455484602
Maxone老虎,12205792,247095882
situasian张太郎,1153005,92871461
直火帮 Straight Fire Gang,12003155,53397288
UP GANG,12199153,365844327
A.T.L (Above The Law）,13026202,1326755559
Meow,12327097,421270080
孤矢,1194094,115786559
邱有句,12079231,1367285109
CG,12118566,333117007
蓬岛以左煮雪烧茶,1159184,20404498
上海彩虹室内合唱团,1199126,122602621
Ace组合,12237593,366987487
泠鸢yousaの呆萌忆【管理团队】,12112037,55694810
MisTer说唱团,12025020,101775294
Cyan Lpegd,12052050,83385463
O2O偶像男团,12481153,512145989
安子与九妹,12002183,111215083
Dirty Class,1158173,103635620
LJY,1211039,92956647
Republic Army,12272237,400883074
弹棉花的GG,12056056,58658087
小黄人,12084114,71278464
松果日记乐队,12443418,338120180
活死人,12200652,370808059
RED8红八,29500218,110443174
唐朝乐队,12972,71194676
蓝莓味的Dora,12936330,1303706683
南游记乐队,12496616,428253350
厦门六中合唱团,12059030,110754722
GumJ,12316083,296683173
天府事变CDREV,1196009,95218810
Saiakoup,12083147,305013746
GINGA,12127366,338759187
三无男孩,12433929,66843723
SuperHero,12002147,122077531
RESOUND理想人声乐团,1160233,105856877
Cgc,12077093,251653005
深蓝儿童,12780724,628321401
HeaMusic,12185662,63626606
绘师岸田,12282208,127746777
3F团音乐社,12328727,286540053
BADSIR说唱,1205051,126337969
万花筒Artascope,1212037,101380521
B.U.TEEN,12206968,373963658
自由窝,12874477,1291014837
SIMBA,12039028,123585333
复乐班,13609323,197420
持枪萝莉,13009952,137406320
盖世Gas,12781783,629468259
曲贺,12228845,293747865
Cre-sc3NT,1211009,131409332
耶鸡音乐ChikenpestMusic,1217015,137681358
老板娘与酒客,1185021,107397340
FLANEUR,12078010,300522592
Round_2,12127507,341044043
跳大海乐队,12002044,129771270
POPPING国王,1199051,99529020
畸形儿-DeformedBoi,12349362,448230863
丹镇北京,12146285,351606521
踏云社,12117112,327112292
何故乐队,1145024,14178774
RoseDoggy,12084142,254156378
新疆SPEAKER说唱,1194048,110459459
T-Tone_小T,12119288,332223138
胡婷婷,12119653,335626090
REVIVAL MUSIC,12350418,439726041
人行道乐队,12275446,407424874
时光街乐队,12337113,264970034
文雀,13247,1758086
929,13723,31169092
警哥组合110,1211005,71756551
Anzar,1185065,47016753
爱乐汇轻音乐团,27871284,332034761
HIGB-海岸音像社,12564390,443308578
SOLARIS | 娑罗寺,1158098,93289892
Alan Walker,1045123,1292848462
Axero,1035020,550130477
Alok,1170012,605077813
Alesso,29251,377929021
Armin van Buuren,27621,351218439
ACOT,12095016,1412857108
Bruno Mars,178059,1671465495
bbno$,12054171,431485155
Bassjackers,268447,532374322
Bruno Major,12250109,1409309284
Blasterjaxx,711692,562608408
Borgeous,904048,1540754907
Christopher,30270,48675927
Crankdat,12006283,1434625250
Curbi,1049915,353015356
David Guetta,31211,1525452442
DJ Snake,296416,1363615889
DJ Okawari,13950,1451811641
Diplo,31645,1446366955
Don Diablo,139072,487218777
Dillon Francis,32514,634697820
DJ Carnage,89556,1382393294
Declan Galbraith,31186,473705131
Dannic,336655,285160407
Datsik,32460,597472326
Ed Sheeran,33184,416608258
Evence,1061032,635437499
Flo Rida,56783,1315003847
Fabian Mazur,952248,601255523
Ferry Corsten,33395,1425369461
Florian Picasso,358265,1650128960
FTampa,453377,1494765613
Garmiani,805324,1665537572
Galen Crew,34435,351878751
Gryffin,1181504,592398084
Gammer,131542,538361951
GIN,818004,501715168
Gameface,58472,602482161
Hardwell,34994,358815864
Headhunterz,34940,530552062
Honne,1050129,1525429251
Herobust,34998,1380127325
Habstrakt,777647,1548704634
ILLENIUM,1050518,1357494990
Isac Elliot,772147,1457352603
James Blunt,35329,1392552696
Joji,12203295,1648900860
John Legend,35342,1328795258
Juicy J,62194,515043407
Jay Hardway,710069,442565259
Jauz,975344,1425225100
KSHMR,896139,452870621
Kaskade,37559,356597616
Kurt Hugo Schneider,37962,88798553
Kozoro,1050567,514726658
Kura,208518,492334956
Lost Frequencies,1039114,360497531
Lauv,1057226,633405276
Ludovico Einaudi,38127,307899381
Laidback Luke,38306,543822823
Marshmello,1060019,1352799314
MKJ,469200,1675808587
Martin Jensen,1060055,1298782459
MAKJ,725091,615962826
Maksim Mrvica,38854,625884747
Mike Williams,302020,353009309
Masetti,1046349,614186024
Miguel,39895,626710190
MattyB,39965,44839895
Nick Lopez,12249046,1675446400
NGHTMRE,1105063,364927196
NOTD,12262306,1651768906
Olly Murs,41034,1602632270
Ofenbach,1137428,108102315
OmenXIII,12074820,1663473003
Oliver Heldens,868010,539750750
Ookay,901029,1425234045
Omi,938058,1315524001
OLWIK,1032227,1342160469
Pegboard Nerds,205700,1472042632
Porter Robinson,185871,543715699
Prismo,1086041,1317960653
Peyman Yazdanian,41504,1488907438
Quintino,820303,358830047
R3hab,197248,403168139
Rich Brian,12024301,1656213624
re:plus,21182,562559119
Rhye,200595,1576664755
Robert Falcon,12210015,1331934180
Steerner,783190,637464220
Steve Aoki,43608,358801724
Slushii,1193232,1426009578
Sam Feldt,1025255,366136314
St.K4N3,1050520,258226575
Sean Kingston,42950,1315141220
Sikdope,1098123,1425159574
Shaggy,42980,1315375923
Stwo,791022,1501167923
Troye Sivan,45129,1599931696
TheFatRat,1019952,1435028069
Tobu,964486,479840052
Timmy Trumpet,858362,514850072
Tiësto,688047,349849509
Tujamo,205438,358678463
The Workday Release,102834,517311496
Tyler Ward,45208,348291164
Tony Junior,805199,358681031
Thomas Gold,196219,1332627200
Tom Swoon,725010,358801545
Ummet Ozcan,711465,331815029
Ulchero,12149036,1457119174
Wiwek,327687,447930196
Wolfpack,141938,1517640499
西原健一郎,14527,562519249
Zeraphym,1083104,271486674
Yultron,1179188,621446075
Zedd,46376,370000314
San Holo,1017035,592332732
Yunomi,1025016,558641965
HARIKIRI,12200029,83956391
眠,12553076,59033012
ゆう十,15947,333617871
AronChupa,12060038,287584449
3LAU,762511,514304405
Half-blood Kakashi,12293736,420727153
UZ,806147,1441185379
おさむらいさん,15175,102365091
Häruki,1159126,78959027
电鸟个灯泡,12185299,129366101
[.que] 柿本直,15241,591589288
Danny Avila,471420,358801613
蚀血之暗,12293845,49468821
Avril Lavigne,46490,1405461678
Betty Who,832218,1496268231
BikaBreezy,13806076,1419199553
Charli XCX,53092,1306558394
Cajsa Siik,1058143,482609200
Dua Lipa,1135086,352596671
Elsa Kopf,56665,482987225
Emily Styler,1181060,1478289121
Emma Stevens,817087,1452771024
Evalia,7650,19938425
二宮愛,1054093,642228937
Fleurie,860929,1666993211
Hafdis Huld,59260,451662276
Jasmine Thompson,863042,352593533
Joyce Jonathan,36858,479986770
Kim Taylor,63943,1303163942
Karen Souza,63996,1604135258
Katie Goes to Tokyo,62905,345499604
Lenka,64143,532868828
Marian Hill,893433,1532465817
NIKI,473353,1658108288
Rezz,1019466,1431786669
Rachael Yamagata,72720,332757991
Sophie Francis,12008050,574178400
菅原纱由理（THE SxPLAY）,161667,18078893
TSUKINOSORA,17988,586524626
VÉRITÉ,963498,1425088771
Wisp X,1046123,404329592
Allie X,973030,1522684118
Sawako碎花,12292130,338137390
eddy盖奶,12195567,276076802
山竹妹汁,12345258,127600367
nin,12174488,286536634
兔子啊兔子,13284880,381597845
葛八岁,12204676,76417697
千鸟鸟,12282363,296442612
JurokuNeta.,12194641,84210049
栗川舜,12258748,46957268
MUE,15199922,492614305
小亨,12265327,262016555
AkaneXIii茜,12327143,435971801
Zeuko,12282364,71736714
Rinana,12317130,429729020
passの伤痕,12184028,109466721
マグロ鱼酱,12609835,357873867
尋音,12264207,61017193
KeShi,12119543,61052170
眠木亚Minki,12194452,345408764
陆陆桑663,12287678,135288358
雏葵,12193028,261822723
熊太kuma,12428075,487874577
DIA阿黛,12444584,258470899
伞妹,12272321,311593452
masa鸡,13109338,289812909
翼と実,12156160,104353358
芙兰狐,13198532,1368539179
Mes,13609769,1367264012
华梦娜Monna,12357803,287009990
MiQ米玖,12256478,125867386
8Cat,12172270,249615202
Saya,12172063,86642229
奥冉,12173327,88440893
竹砸就是琪琪,12275664,357168211
Axwell Λ Ingrosso,12037212,275516209
APEK,1182277,1433210061
Arston,776576,1486323522
Adventure Club,792045,1656994436
BEAUZ,12131436,393210903
Breathe Carolina,88214,518038029
Bingo Players,89249,429989950
Cheat Codes,1078252,1561982905
CAZZETTE,346157,287186474
Chocolate Puma,130472,469734716
Dreamtale,90511,364310817
Diskord,831109,563330151
Dirtcaps,1073072,1311937184
evening cinema,12440166,1522818435
Firebeatz,702005,555566322
From Your Balcony,92564,1648490668
Flosstradamus,757063,1431863192
弗雷德乐队FD5,839639,483202844
GHASTLY,742298,1426070036
GEMINI,1053291,641583084
Haggard,93777,359486064
Immanu El,35055,470665024
Infected Mushroom,35044,1554716131
Juno Reactor,61564,1523583077
Krewella,208915,628086945
Korpiklaani,62886,505003495
LNY TNZ,1039647,448197862
Lamp,20287,446012685
Lost Stories,12370074,444863402
Luna Safari,12250,87892539
Leech,95458,550823284
Maroon 5,96266,1315483332
Major Lazer,96309,1392442441
Muse,96267,1640046394
Mando Diao,66359,644643258
Motorama,96837,589394126
Ogre You Asshole,20898,438822585
Pg.lost,98548,290057932
R. City,99630,1309833411
Racoon Racoon,12251121,1537987494
Rhapsody of Fire,41932,304609743
SeeB,1182169,1677912030
Showtek,100696,1423693273
SAFIA,986155,74391613
SLANDER,1137239,362496780
Swedish House Mafia,100850,1418752091
Slumberjack,419221,614298733
The Chainsmokers,893484,1355369168
The xx,102035,1337413346
Tritonal,104133,516692287
The fin.,942028,1335662617
The Glitch Mob,102954,1439391267
The Candle Thieves,89729,614470678
Unlike Pluto,860945,1403827023
Vicetone,747030,502190766
VINAI,804422,517084011
Vini Vici,1063156,1438496154
Virus Syndicate,83976,1373788067
VRWRK,13500475,1563215734
Wolf Alice,742232,1580046337
Yellow Claw,832880,1357748266
You Me At Six,105649,1447021022
Owl City,40859,1644956956
Far East Movement,92526,2657280
ミツメ（Mitsume）,837714,501178758
Boombox Cartel,776627,1382368325
ETC!ETC!,1019923,1644362626
Melo lv,12065134,296209889
岸部眞明,14429,602307304
北冈健太,13891,378627946
坂本慎太郎,15501,121355653
DECO*27,14001,1480412828
HIROOMI TOSAKA,12535245,1541806702
吉田潔,15850,569437000
Ladybeard,11986033,1344147987
Mu3o,1159031,37747151
Nomak,14956,310879681
平井 大,14270,1431262413
下山亮平,15864,1431331946
C.A.R.L,12177051,338373860
KUCCI,12520786,530511375
ビッケブランカ,1028044,1421765553
Awich,820141,1486972288
浜崎あゆみ,16405,1437831855
Beverly,12278427,1481365627
宮脇詩音,161457,1487767799
Morrie,125762,413219871
青葉市子,160319,260486204
小野リサ,17479,3428554
ZOMBIE-CHANG,12273207,1578046902
啊晗Britany,12382153,99130873
ReDbuff,12092032,97571506
凡仔,12271683,268069880
Ms.CANG,12226134,338922048
布丁丁,12236017,134631857
DaHee,12306102,106470071
AshleyByun,12313092,117593816
阿米丢丢,12284179,313347578
NEKO,12256501,121026514
ANNI.7,12226859,9067656
InusI,12259015,324799686
陌花冢,12275058,312421976
SEOLL,12284063,338859457
奶昔,12320646,364866324
西敏,12215214,308281202
YUKO王,12276615,130975667
静静_JiAnee,12271382,74751145
CinDy,12120272,62628684
斯恩森,12324708,101625714
BACK-ON,18713,1419555550
callme,1050653,1487879448
Do As Infinity,19108,1499861556
DYGL,12389061,500747396
euphoria,19268,116330670
fripSide,19395,253205627
FAKY,860355,647817909
HOYO-MiX,12487174,1321189664
lol,1089199,1445425678
moumoon,20463,1320001402
MONO,20452,285559533
project lights,956404,410042838
RADWIMPS,21132,503628066
saisa,774006,38616038
Taiko Super Kicks,11973037,1632532283
Yogee New Waves,1046101,1457193405
シャムキャッツ,21710,617010167
モーニング娘。,20458,590850079
Animenz,1055014,330314909
AK,1192509,641306313
张正熹 (AZmusic),1056006,60452600
ANATOMOD,12263515,582328001
AHKEXl,12099188,322055314
Entity 97,12132185,330440127
AnimaOMG,1050618,32655289
bahadir,1085055,61492348
Cesqeaux,12047533,507955827
Eddd,1039888,46487466
Chuck Tour,1116295,82683577
DJ_Kevin,1049411,42805799
DJ COMBO,1122026,292653160
CoolCool小飞,1046168,44097709
DJ R-Wan,12594537,1389002563
周诗谋ERICZEEZY,2732,108560851
Frankmusik,33368,1663071354
Fizo Faouez,12107943,481512036
Folded Dragons ,12646312,1682036472
Gary Azukx Dyson,840249,1390984645
Ghayrat Mahmut,1081917,74172349
ᴛaikon.,908159,35590835
H7,1049759,52336670
HazeCat,1094096,1291180215
Artysta,1058068,36039605
J. Lisk,12121101,609841655
Jesse Cook,35374,1418161397
金城,12073636,626664764
Krono,438424,1369350236
Kenny.Wang,962251,31022968
Lemonova,1143039,83679329
Michael Lee,1049362,40056684
MLK麋鹿王国,12091064,309985832
MIKVH,11997032,136543502
Mason,39487,1500502109
Matt Lucker,1156451,55633018
Nehzuil,12024425,550095876
nemoo,1132885,86380407
Only Real ,976363,420449396
Plastik Funk,131444,1681907277
Probe,12107895,50587279
Qeuyl,13158089,1523797637
Ryzu,1081255,635454148
Robin Cised Woffis,1050432,55727540
RIZLA✞,1135225,20149821
Shaun Gibson,1044241,48703606
OceansWhoLied,1132878,610002022
Shay Legacy,12074238,643659556
Reasen,100907,426867324
Truart,44471,1507448514
TooHigh,283008,47654248
Ty-Hyun,1113049,81794973
M R U O,1081269,65791629
vDJs,1078078,48403856
Sound Page,1087294,39336355
gl_aze,1060007,46268965
Wayshawn,1028098,32752654
Yonetro,12095285,540622804
杨致焕,13132530,1353425406
杨天光,1039293,281191929
Zhouna,1075094,68288820
张冠奇,6819,49971568
Azricle,1131003,60827252
Airic Zen,1032001,33376185
FADER ONE,12259963,382994596
QCQ official,13197128,414714229
SaMZIng,1203033,52141182
Laoz G,12304406,421141427
YB,12519733,343788989
Robins Lu,12490483,408218814
Worezh,1158066,60897665
YahikoNy,13520323,312807426
Marycobi,12444264,430640550
4-ever,12062020,591436391
Hsing Dykk,12194053,95362558
Mirahmat (MiEr-),12094528,122668639
YYKBZ,12268099,397345842
LGlywww,12815301,642692059
$CC731,1159101,34204786
鱼洋,12184528,108736669
Ty$wae,12227339,105580854
DE_SCC,13196217,304711939
Skezz Phonic,12205479,318013154
CALE,12702256,66186163
Wilson k,12641826,250064333
烈雨,12126244,34272600
Owen Keith,12663487,605772858
惊喜,12256394,392136038
LVMATT,12919519,1299967800
HollisZhang,12287729,118503284
DJ ADBoom,1160189,41155230
EC,12605661,579133390
黃格雷,14116746,1342296856
Rich Dragon,12490693,417316140
朱彦安,12057021,134220013
Zahirshah Ablimit,12320414,73887738
Ezzek,12288505,286196751
DJ ÀNDÌ,12564128,52359998
舒克尔Schuker,15193441,80375291
ARSANAL,12494734,121604287
PurpleBattery,29591213,1594059439
尕让扎西GTR,12139347,129922329
zayir zakirovich,12490697,531494096
7Grams,12177079,353340039
TrK,12266189,375143303
AirAlimjan(Alimjan Ismayil),12482094,355713432
X2ON7,12443765,74813648
Fendiboi,12022040,110551474
Chr1s,12283553,400992341
Mr Orange,12292341,408450636
Neal Yang,12498120,412049949
DJ Mr.SouRce,12360334,98237745
DiKo,12285378,108207195
Krovry,12236174,293295792
SUP.FJ,12060021,111722462
Joey Mizers,12128545,113802756
DJcc,1142012,67771950
Yellow,12184032,112324688
Hahn,12022076,113827605
HINA,12649631,532048368
Misran,12277330,259282929
FG2K,12851965,287327933
dj王海缘阿军,30285065,110392115
WINON PAWSUP,12479856,135380914
达桑嘉措,12538624,131526413
Vanished,12288138,90437189
nanase,12287389,87080010
Crazy Up!,12459876,124740509
RIddiMwobs,12552445,92454281
Frog White,14019207,315489265
Cesar Chen,12276649,407758455
Young Nash,12291182,328196939
17,12497499,99786253
Cydney,552732,1314195013
DJ Acey,789439,558667775
DuOud,54970,1342334108
J.Fla,805090,632576974
何美臻 (Min He),1039088,247319317
LoveSong,1120212,1370679003
Tiffany Young,126009,1542602431
吴越,12066040,250450788
Saniyam Ismail,12874411,430663656
普映蒙,12852374,103252789
Çhay,12479766,106806479
ZaleLes,12118026,257153251
PUP,12259460,392220892
董雅婷,13296022,1371267011
XIN ZHU,12912275,1304465556
森川ちよ,12281732,61648517
廖喜庆,12077041,52937256
Leah Guan,12128620,289665584
Alizee Tsai,12206198,120641625
kiss me,13450755,1385639818
小sa神,12206127,108493909
Aipiaoliang,30707536,1448711099
Tiya Manson,12025620,135707337
张点点,12452172,45724392
DJ PinkGesia,12002127,72547252
CoGinger姜寒,12324366,423390234
ChicMoe,12195335,87593440
白白麦,12288461,1336523245
Aubri,12308292,124520572
吼吼,27905566,269471084
Anti-General,1007061,35400175
Aosaki,189605,74351608
Angry5JaR,1050198,30202028
Aris Kaken,1031046,31377993
Arman,13778224,73600509
AKE,12218128,114625849
C.Li.,1039720,120252057
a r i a d e n g,1019570,38953386
ASXX,1045066,47309774
ARmic,1080051,33914052
Audiosoldier,1080063,52867224
Code Wu,106115,1397008595
chimneycrow,2287,513220168
甜菜心,12157167,353449345
Carlos Ou,1050220,52093040
Dimash Kudaibergen,12274208,444982372
段同愿,1038339,72864277
Nightsky,1132031,41921619
迪力夏提,1057120,2953524
Mu,1050458,49481765
Dassnae,1050278,60356246
LLLLLIYANGGGGG,1058133,46958516
伊力哈尔·阿卜杜热合曼,1064059,45493302
erzat,797243,97562068
FDZ,1139008,11892098
Fuyuki,12263381,501785577
葛泓语,1049357,2565100
Hoaprox,1177234,1410683784
S.z.t_aJun,789403,2045994
IZ乐队,12329,382465422
鲸鱼马戏团,1026039,256203700
Jason Casper,106192,70202753
Jiessie Zhang,1039975,103284133
nexas,1089223,43620058
黄在羽,1047435,51039080
Arcticloudz,1049852,19197001
Keymi,1124142,83783247
康旺加,12492734,1377385277
LUKA,12067088,321357111
Kaleck,1085024,75767289
Narcissus,1132175,82848008
PonySoore,1053121,48097673
邱比,981008,15511924
SOCIAL GUIDE,1087014,65367643
Sarvar va Komil,12095021,85105549
DipperX,1019512,14038804
Sula,1098119,75799895
宋天祥,1043191,121352654
SixPoorGuy,308775,39753913
ummon,12171067,512402329
UmuD Eziz,1120093,98863299
Gaspard,1049266,16232254
民间说唱票友艺术团,1043172,109668583
王梓,1088079,310316798
呉三,1122186,72341950
Xomu,12903205,1318679310
音浪,1039375,129428163
亚尔肯,1083094,38926127
525,1039999,47362537
Zabo,387253,266550916
造音小宁,1039612,30791664
Miradiljan-Bawudun,13450978,256923942
AniFace,12259037,341496792
Namunong,12127409,48349894
α·Pav,4716,6433067
Farrux Xamrayev,12282707,452602916
四季音色,12028059,264145736
YUKIri,12216068,60657709
Lopu$,12027465,12417635
Mewlan Memtimin 买吾兰,12037170,88992726
麦麦提·阿里木,13109480,321773064
Batur_Abduqadir|باتۇرئابدۇقادىر,12701388,602905634
BAHERDIN TURSUN,1213020,3597625
Cydian,12386353,59464737
罗布桑珠,12570941,121154988
ChenDjoy,1143054,73055106
Mr.mo,12092465,19328557
Adiljan Mamitimin,12083816,304123551
emoshinobi,12395082,497927126
AVALON,12228495,319504879
Kaysar,13109300,1347140455
SimorE,1203059,127390535
TATA,12288125,104869943
D.Ark,12610496,118523393
Abdughopur_Abduwali,1183007,53998897
Ebrayim Enwer,12293164,94277149
张小她,12193962,294459485
1n,12085208,289766627
蓝云木,12277201,291885595
Alanis徐扬帆,12875949,1293576195
大象先生,12026225,252955528
DJ Top,1199086,51918411
AgNo3,12479169,110212955
_Stefano,1185058,97819036
Namsız,12002135,250431527
remix,12316095,96603572
Nurum kurben,12570032,103677538
Masque_Jupiter,12336331,336789742
Adiljan-Ahat,13791350,310209052
MuratjanMuxter,12205176,66771853
YounC,12272974,86934118
死病娇XiaoFeng,12359125,84057292
sinol,12391100,87612264
豆沙团子AnDango,12139554,45554613
joke teller,12362577,136653476
босс,12564471,97352877
DeeSh1ne,12270334,11443996
德勒闹吾,12392012,426293157
skeleton,12454951,499427252
Qeyser-Bextiyar,12919472,1306314182
Riyatjan-Muhammat,12001166,94947032
真菌,12117044,275526279
马尔科夫,12027078,116826079
大土班的魔仙堡,12520374,252297728
PaRaD1SE,12158070,353170257
澄海伯伯,12147170,338984667
WayneWaste,12479432,327126093
牛奶味夹心阿尔卑斯,12085539,63641110
Shahimerdan麦尔丹,1160001,50198090
Aydos,12345843,72885756
桑尼,12184026,54589878
曲木成呷,15200513,613721766
poree,12494528,374111150
张彵凡,12146177,267516985
叶斯哈提·木黑牙提,12459960,375790912
kLoH,12030015,264909861
guofoo,12327942,86986320
KaysarNiyaz,13537596,1399522665
$UN,12127888,109890092
Y_xhの柒姬,12071077,83998807
HeKai,14114841,1453145924
Korinawa,12277537,64866255
BeeXXXX,12327924,47450139
SheldonLeeee,13790012,48708711
麦金,12286209,288087850
奏有,12025197,61125873
Arman Xukrat,12465294,137015372
夜の律,13537449,506322547
Sub,12101143,304138332
DuhuM,12554857,106116544
吹口琴的水,12284033,415886295
劣質男孩,12905616,358193837
HtadoubleX,12496170,254684174
AbdurusulObul,12349893,437454038
GumJ-鸡蛋先生,12253023,283641144
DickLi,12038110,137260078
LaZ. O.,12236148,73609243
Vinz T,12371041,405054834
Bahtiyar tohti,12729890,392963930
Parhat Asip,12179086,36621547
Mamatjan_Mutallip,12553919,126214435
Amaj,12118628,259280633
KOH,12358952,436662912
Carla,12271611,319428168
Nootag,12032262,53533951
HyJunk,12199062,329236284
Afra,160777,108973966
Cvalda,213005,50416846
deejayyeon,1106087,61489643
KOHANE,1131002,73113964
予词,1050470,51812847
NIA杨心予,1050795,57678254
Shirfine,189603,81953093
水曜日,189941,71214259
醫生凱,1111009,80343669
酷癌KooEye,12156273,120186447
GulgineMollaemet,12194330,53897645
Shafaet Osman,12851125,511060974
清风至,12094734,612264467
尤沫Dina,12293200,94862692
樹莓蛋奶酥,12183274,836653
水玥兒,12255040,45338237
Sol Ciel,12273001,121389036
绾绾Akari,12027555,67798597
SAR_H,13413016,1382086091
cattzįm,12277696,336341430
DU丢丢丢,12281458,104916496
才姆措,12632451,385977258
糖风,12282798,54410354
猫叶叶,14608399,55989641
Miza,12281478,373688730
三 角 測 距,12320883,53563423
1̶2̶,12769255,322899046
Kooria,12272701,51337790
SudiyeAy Mexmut,12204228,102510424
北檀,12204552,94628278
次珍,12328964,250904806
李内向,12200879,336782486
Eunomia,12271808,383348226
楠葵子,12288566,88937082
猫亦记事录,1205026,100242678
周毛嘉,12032325,267350840
李行,12288460,34409668
Yileen,12553384,365434669
潇湘夕岚,12260007,331853904
黑峰,12308090,265781723
张雨清,13197112,1342340658
蓝夕_Spade,12174243,313449221
玛依拉,12512041,117323135
MercuryLeafer,12798845,636400607
无余,12226726,87492846
橘夕夏,12228383,380632555
丶Mincy 旻熙,12280805,274396730
Odoriin,12420087,366272068
帝玖管弦乐团,12287390,341412272
考拉抱树,12308599,325749219
逗子,12183661,125432535
舟亚P,12610449,99401087
FLuoRiTe,13908567,325075626
荔子_LizzI,12205751,133905439
Mutmee Pimdao,12258941,369483521
Yuniko_南南,12275723,261148409
Yae_Angelica,12198425,256089383
林小尤Simona,15194735,253607180
DobeBiu,12471989,511334383
Nyaameow,12473511,133542048
炸炸,12172541,355621666
音痴懒人,12139544,268028465
灯树,12174283,111621325
Terrorjam,13288223,1352583866
阿岛先生,12966361,83297028
思晴,30482071,1286035493
黄丹,13791182,1399659490
Tangerine Express,12521454,89764065
罗蹦蹦,12200466,134589052
游泳的游游,12965106,291463363
infatuated with a deer,12444861,262168597
Kichou,12277428,32807251
张越尘,12315013,75873426
ALow.,12639514,379430913
斯琴塔那,12469110,493919156
初初初夏W,28292080,278663345
葩姐姐,12320015,109420350
囍,12383927,282787120
CocoPop,12293495,423825401
RANA.Queen,12293188,102571235
杨陈秀一,1211061,89191138
M.Y老鱼,12867203,96442803
b1n90冰果,12287009,53973438
卵卵su,28293809,342829440
言吾音,28182413,436678202
眼中有秋水。,12452368,375021365
荷东猛士陈,13698895,96097601
hopechong,12259268,255874117
Noi!,12227422,96731420
Brila_L,14072127,400645340
卡乐,12642717,90659130
BowOfAtlas,1131005,19172550
DropDead Music,54269,517131459
Inspirative,106790,615219733
九宝乐队,106805,111615129
落日飞车,11074,488471310
蓝野乐队,12197,452339493
Liars,95463,1439973822
LCT,106828,413516289
牧羊人,1025208,545683532
Mavericks_Official ,1081035,211014
moonfall,1064031,65124092
Sleepmakeswaves,100022,416436139
Vector Machine,966143,2676711
Yiltiz,1064094,65277062
China JTA,12198272,292299042
4oot,12259787,377621176
GumNam,12324675,426167987
ForceZL,1184013,1371883882
RED,12281709,83901875
抛抛,12051100,98888967
Do Shit,12139012,338373922
ZebraZebra,13683852,1417091957
H.M.Funk,12291554,112366523
AMTwo,12642917,135137380
Weed,12071037,100055217
BNC$BrandNewCohort,12194976,61948982
SkyLights,1143051,49893592
GOMAR STUDIO,1194100,89405530
Elecrystal Sound Team,12288929,421747590
ARnPRo,12172418,266739914
巅藏说唱团,12119141,280968484
千夜,12610587,496748759
eigenTunes亦听,1207047,129501147
PSYKHON,12174281,87811521
DJ宋雨飞已退,12173248,357402355
惊奇海洋（Marvel ocean）,12070076,294610572
Bana-X,14804020,1469271619
林如韵,12600335,574430576
欧洲音厨,12032215,73891628
K.P.R.,12648648,598042066
MelodyGarden,12172468,267602959
SIH SHANDIIN HOOLAI,12200872,328544453
Cutie*,1142003,71612980
野狼乐队,12359215,311925361
Poorman,12641213,595473793
Q-Audio,12037049,50289535
贝叔,13793310,115179187
RTG,12185319,306737744
Jangaa组合,13110785,272184753
Controls,12497408,98507555
INVADE,12420908,262885217
ART RAP,12359012,443005190
Unicorn_独角兽,12814141,469135322
WEON MASHUP,12147390,305886895
Blast Way Z,30380343,1483571500
9596乐队,12204600,33154724
木野,12392015,298937823
Checkit,12538438,114526514
-Sunny-Youth-,1159115,75990959
K-AN,12924892,1295578436
SHIRAQ,13701254,79286364
Wukong Defunct,12025447,262048359
Mzoce,12236432,96960844
NASSA,28299117,617568295
清华大学键盘队,13612402,1388377639
ELYAR-PULAT,1194110,115948905
一个大G,1209010,109890316
HASG POP,14119844,326917670
ShahMat,12924615,478811082
准噶尔乐队,12270840,402841406
廢兔Itsuki,12317490,116419433
六甲番,12194273,365449086
菩提集团,12194760,135376254
Husan,12111066,90218580
GANGSAMOSA,12287113,295686852
Wiener Sängerknaben,12237434,115685395
增城捌贰陆大哥大保健娱乐有限公司,12580237,268109445
新疆Kelkvn说唱团体,12568487,247540056
王雪山,13793901,475762817
竹田おと,12318271,323868525
魔幻之声口琴重奏团,12271466,402492630
骏景小学合唱团,13416134,258312405
The Messy梅西合唱团,12967340,1291413081
Dahlia Rosea(玫瑰博士),12511077,122864368
Anuradha,13908376,374637134
Quartz,1211067,61292976
Liberation,13037523,1338415884
Goodbye Honey Boy,12373475,336003952
漏音器 The Lowincher,12185381,46298150
范世坤吉他私塾,13288090,1366427364
布日德组合,12394484,345996439
DAVID BORING,12357295,449112280
Near Death Experience／病亟,12147367,40904637
